method,split,id,gold,predicted,correct,confidence,top_probability,sufficiency,latency_seconds
multinomial_naive_bayes,dev,banking77-train-1250,card_not_working,card_not_working,True,,0.5363759422597699,,0.00015033397357910872
multinomial_naive_bayes,dev,banking77-train-1282,card_not_working,declined_card_payment,False,,0.9923555216080132,,9.212491568177938e-05
multinomial_naive_bayes,dev,banking77-train-1348,card_not_working,card_not_working,True,,0.7994961338380392,,8.379190694540739e-05
multinomial_naive_bayes,dev,banking77-train-1313,card_not_working,card_not_working,True,,0.9988135736772482,,9.487499482929707e-05
multinomial_naive_bayes,dev,banking77-train-1354,card_not_working,card_not_working,True,,0.9999922789688671,,9.099999442696571e-05
multinomial_naive_bayes,dev,banking77-train-1311,card_not_working,failed_transfer,False,,0.6407968087236507,,5.645793862640858e-05
multinomial_naive_bayes,dev,banking77-train-1315,card_not_working,declined_card_payment,False,,0.9999997859198174,,0.00026524998247623444
multinomial_naive_bayes,dev,banking77-train-1317,card_not_working,card_payment_not_recognised,False,,0.4829472313784935,,8.187501225620508e-05
multinomial_naive_bayes,dev,banking77-train-1295,card_not_working,pending_card_payment,False,,0.38461386512058504,,3.4415978007018566e-05
multinomial_naive_bayes,dev,banking77-train-1289,card_not_working,card_not_working,True,,0.9998540291748651,,4.600000102072954e-05
multinomial_naive_bayes,dev,banking77-train-1804,contactless_not_working,declined_card_payment,False,,0.8432363538480213,,3.420806024223566e-05
multinomial_naive_bayes,dev,banking77-train-1816,contactless_not_working,failed_transfer,False,,0.735369164740606,,9.245797991752625e-05
multinomial_naive_bayes,dev,banking77-train-1784,contactless_not_working,declined_card_payment,False,,0.5427832829779955,,4.39999857917428e-05
multinomial_naive_bayes,dev,banking77-train-1792,contactless_not_working,declined_card_payment,False,,0.9603592436769826,,6.970809772610664e-05
multinomial_naive_bayes,dev,banking77-train-1783,contactless_not_working,declined_card_payment,False,,0.9091942930214374,,7.49579630792141e-05
multinomial_naive_bayes,dev,banking77-train-1801,contactless_not_working,declined_card_payment,False,,0.7955248233763439,,4.158297087997198e-05
multinomial_naive_bayes,dev,banking77-train-1794,contactless_not_working,card_not_working,False,,0.5191070987291313,,7.149996235966682e-05
multinomial_naive_bayes,dev,banking77-train-1813,contactless_not_working,declined_card_payment,False,,0.9728797501855656,,0.00010791700333356857
multinomial_naive_bayes,dev,banking77-train-1798,contactless_not_working,failed_transfer,False,,0.4800529818315196,,7.333303801715374e-05
multinomial_naive_bayes,dev,banking77-train-1805,contactless_not_working,card_payment_not_recognised,False,,0.7547726626940637,,5.741708446294069e-05
multinomial_naive_bayes,dev,banking77-train-8190,virtual_card_not_working,virtual_card_not_working,True,,0.9994464867464011,,7.191707845777273e-05
multinomial_naive_bayes,dev,banking77-train-8195,virtual_card_not_working,declined_card_payment,False,,0.9437566077230971,,0.0001723750028759241
multinomial_naive_bayes,dev,banking77-train-8172,virtual_card_not_working,virtual_card_not_working,True,,0.9997021328135501,,5.341705400496721e-05
multinomial_naive_bayes,dev,banking77-train-8183,virtual_card_not_working,card_not_working,False,,0.9356899930823939,,5.9333047829568386e-05
multinomial_naive_bayes,dev,banking77-train-8191,virtual_card_not_working,declined_card_payment,False,,0.723731949734292,,0.00012420909479260445
multinomial_naive_bayes,dev,banking77-train-8205,virtual_card_not_working,card_payment_not_recognised,False,,0.8661689025552706,,6.504205521196127e-05
multinomial_naive_bayes,dev,banking77-train-8192,virtual_card_not_working,card_not_working,False,,0.9788864452879167,,7.983308751136065e-05
multinomial_naive_bayes,dev,banking77-train-8168,virtual_card_not_working,card_not_working,False,,0.9786480788672836,,7.441698107868433e-05
multinomial_naive_bayes,dev,banking77-train-8201,virtual_card_not_working,declined_card_payment,False,,0.9994852246850637,,0.00011720904149115086
multinomial_naive_bayes,dev,banking77-train-8186,virtual_card_not_working,virtual_card_not_working,True,,0.7934974355432637,,5.037500523030758e-05
multinomial_naive_bayes,dev,banking77-train-5975,declined_card_payment,declined_card_payment,True,,0.9999981578525352,,5.7582976296544075e-05
multinomial_naive_bayes,dev,banking77-train-5868,declined_card_payment,declined_card_payment,True,,0.9999999723821799,,0.0001080839429050684
multinomial_naive_bayes,dev,banking77-train-5890,declined_card_payment,declined_card_payment,True,,0.9998389108143915,,5.316699389368296e-05
multinomial_naive_bayes,dev,banking77-train-5889,declined_card_payment,declined_card_payment,True,,0.9986433625393603,,9.112502448260784e-05
multinomial_naive_bayes,dev,banking77-train-5919,declined_card_payment,card_payment_not_recognised,False,,0.6800917221134521,,0.0001727920025587082
multinomial_naive_bayes,dev,banking77-train-5940,declined_card_payment,pending_card_payment,False,,0.5482193592793999,,0.00011812499724328518
multinomial_naive_bayes,dev,banking77-train-5891,declined_card_payment,declined_card_payment,True,,0.9986602587499029,,5.40000619366765e-05
multinomial_naive_bayes,dev,banking77-train-5918,declined_card_payment,declined_card_payment,True,,0.9993787267080901,,4.858302418142557e-05
multinomial_naive_bayes,dev,banking77-train-5854,declined_card_payment,declined_card_payment,True,,0.9999983589055439,,0.00011149991769343615
multinomial_naive_bayes,dev,banking77-train-5946,declined_card_payment,declined_card_payment,True,,0.9999999997798106,,0.00012079195585101843
multinomial_naive_bayes,dev,banking77-train-5240,pending_card_payment,declined_card_payment,False,,0.9999859168685574,,0.0001062500523403287
multinomial_naive_bayes,dev,banking77-train-5106,pending_card_payment,pending_card_payment,True,,0.9999979175835557,,0.00016491708811372519
multinomial_naive_bayes,dev,banking77-train-5211,pending_card_payment,transaction_charged_twice,False,,0.517557587569411,,5.0915987230837345e-05
multinomial_naive_bayes,dev,banking77-train-5228,pending_card_payment,pending_card_payment,True,,0.9993956420223503,,0.00014008302241563797
multinomial_naive_bayes,dev,banking77-train-5100,pending_card_payment,pending_card_payment,True,,0.9990928087922232,,5.158304702490568e-05
multinomial_naive_bayes,dev,banking77-train-5218,pending_card_payment,pending_card_payment,True,,0.9999111133429714,,5.5875047110021114e-05
multinomial_naive_bayes,dev,banking77-train-5232,pending_card_payment,pending_transfer,False,,0.9944291615902893,,0.00013599998783320189
multinomial_naive_bayes,dev,banking77-train-5152,pending_card_payment,pending_card_payment,True,,0.9999938888863336,,0.00010383303742855787
multinomial_naive_bayes,dev,banking77-train-5231,pending_card_payment,pending_card_payment,True,,0.9999970108479264,,6.191595457494259e-05
multinomial_naive_bayes,dev,banking77-train-5139,pending_card_payment,pending_card_payment,True,,0.9998899231144918,,3.258301876485348e-05
multinomial_naive_bayes,dev,banking77-train-3513,card_payment_not_recognised,card_payment_not_recognised,True,,0.9999999932014494,,8.537503890693188e-05
multinomial_naive_bayes,dev,banking77-train-3609,card_payment_not_recognised,card_payment_not_recognised,True,,0.8931119716535652,,4.445796366780996e-05
multinomial_naive_bayes,dev,banking77-train-3561,card_payment_not_recognised,card_payment_not_recognised,True,,0.9998249399250061,,6.47910637781024e-05
multinomial_naive_bayes,dev,banking77-train-3530,card_payment_not_recognised,card_payment_not_recognised,True,,0.9999801686666863,,6.329198367893696e-05
multinomial_naive_bayes,dev,banking77-train-3597,card_payment_not_recognised,card_payment_not_recognised,True,,0.9999999999999947,,0.00012341595720499754
multinomial_naive_bayes,dev,banking77-train-3587,card_payment_not_recognised,card_payment_not_recognised,True,,0.9999998082063494,,0.00010108295828104019
multinomial_naive_bayes,dev,banking77-train-3606,card_payment_not_recognised,card_payment_not_recognised,True,,0.8280792883845549,,4.8582907766103745e-05
multinomial_naive_bayes,dev,banking77-train-3534,card_payment_not_recognised,card_payment_not_recognised,True,,0.9999920979415887,,6.329198367893696e-05
multinomial_naive_bayes,dev,banking77-train-3591,card_payment_not_recognised,card_payment_not_recognised,True,,0.9999999999999727,,0.00013766693882644176
multinomial_naive_bayes,dev,banking77-train-3645,card_payment_not_recognised,card_payment_not_recognised,True,,0.9999998535844016,,0.00010587496217340231
multinomial_naive_bayes,dev,banking77-train-6435,transaction_charged_twice,request_refund,False,,0.9726649113958185,,6.170803681015968e-05
multinomial_naive_bayes,dev,banking77-train-6307,transaction_charged_twice,transaction_charged_twice,True,,0.9999257204594064,,5.429098382592201e-05
multinomial_naive_bayes,dev,banking77-train-6384,transaction_charged_twice,transaction_charged_twice,True,,0.9999999583908734,,5.8750039897859097e-05
multinomial_naive_bayes,dev,banking77-train-6342,transaction_charged_twice,transaction_charged_twice,True,,0.9999999999999998,,6.683298852294683e-05
multinomial_naive_bayes,dev,banking77-train-6432,transaction_charged_twice,transaction_charged_twice,True,,0.9995223639242125,,7.00000673532486e-05
multinomial_naive_bayes,dev,banking77-train-6475,transaction_charged_twice,pending_card_payment,False,,0.9565830300956865,,5.2749994210898876e-05
multinomial_naive_bayes,dev,banking77-train-6403,transaction_charged_twice,transaction_charged_twice,True,,0.9999987247228374,,0.00012833403889089823
multinomial_naive_bayes,dev,banking77-train-6359,transaction_charged_twice,card_payment_not_recognised,False,,0.7226892642130763,,4.8915972001850605e-05
multinomial_naive_bayes,dev,banking77-train-6361,transaction_charged_twice,transaction_charged_twice,True,,1.0,,0.000147333019413054
multinomial_naive_bayes,dev,banking77-train-6459,transaction_charged_twice,transaction_charged_twice,True,,1.0,,0.0002947499742731452
multinomial_naive_bayes,dev,banking77-train-5408,request_refund,request_refund,True,,0.9999999851058234,,4.76249260827899e-05
multinomial_naive_bayes,dev,banking77-train-5508,request_refund,request_refund,True,,1.0,,0.00017212494276463985
multinomial_naive_bayes,dev,banking77-train-5432,request_refund,request_refund,True,,0.999994981839843,,6.229197606444359e-05
multinomial_naive_bayes,dev,banking77-train-5420,request_refund,request_refund,True,,0.9999999507039437,,4.600000102072954e-05
multinomial_naive_bayes,dev,banking77-train-5392,request_refund,Refund_not_showing_up,False,,0.8979182283886887,,0.0001004580408334732
multinomial_naive_bayes,dev,banking77-train-5422,request_refund,request_refund,True,,0.9999992281867622,,0.00011799996718764305
multinomial_naive_bayes,dev,banking77-train-5476,request_refund,request_refund,True,,0.9999999999736957,,0.00015783391427248716
multinomial_naive_bayes,dev,banking77-train-5407,request_refund,request_refund,True,,0.9999997100479682,,6.166694220155478e-05
multinomial_naive_bayes,dev,banking77-train-5505,request_refund,request_refund,True,,0.874455066867757,,3.9874925278127193e-05
multinomial_naive_bayes,dev,banking77-train-5385,request_refund,request_refund,True,,0.9999999722771161,,6.295903585851192e-05
multinomial_naive_bayes,dev,banking77-train-5739,Refund_not_showing_up,Refund_not_showing_up,True,,0.9999713961920604,,6.462505552917719e-05
multinomial_naive_bayes,dev,banking77-train-5824,Refund_not_showing_up,Refund_not_showing_up,True,,0.9999966611455695,,5.149992648512125e-05
multinomial_naive_bayes,dev,banking77-train-5762,Refund_not_showing_up,Refund_not_showing_up,True,,0.9999999999998999,,0.00019104196690022945
multinomial_naive_bayes,dev,banking77-train-5742,Refund_not_showing_up,Refund_not_showing_up,True,,0.9999708468969407,,4.424992948770523e-05
multinomial_naive_bayes,dev,banking77-train-5722,Refund_not_showing_up,Refund_not_showing_up,True,,0.99999439823759,,4.7791050747036934e-05
multinomial_naive_bayes,dev,banking77-train-5708,Refund_not_showing_up,Refund_not_showing_up,True,,0.9995260962436705,,4.4874963350594044e-05
multinomial_naive_bayes,dev,banking77-train-5675,Refund_not_showing_up,Refund_not_showing_up,True,,0.9999239619167481,,4.225003067404032e-05
multinomial_naive_bayes,dev,banking77-train-5825,Refund_not_showing_up,Refund_not_showing_up,True,,0.9999999999995637,,0.00010604201816022396
multinomial_naive_bayes,dev,banking77-train-5683,Refund_not_showing_up,Refund_not_showing_up,True,,0.9997839853321103,,4.9458001740276814e-05
multinomial_naive_bayes,dev,banking77-train-5709,Refund_not_showing_up,Refund_not_showing_up,True,,0.9999999999999958,,0.00020279106684029102
multinomial_naive_bayes,dev,banking77-train-6072,pending_transfer,pending_transfer,True,,0.9999973698434862,,0.00015300000086426735
multinomial_naive_bayes,dev,banking77-train-6055,pending_transfer,pending_transfer,True,,0.8025699864444152,,3.945804201066494e-05
multinomial_naive_bayes,dev,banking77-train-6099,pending_transfer,pending_transfer,True,,0.9994474998394427,,7.333396933972836e-05
multinomial_naive_bayes,dev,banking77-train-6058,pending_transfer,pending_transfer,True,,1.0,,0.00019120890647172928
multinomial_naive_bayes,dev,banking77-train-6048,pending_transfer,pending_transfer,True,,0.9999414101494699,,4.604097921401262e-05
multinomial_naive_bayes,dev,banking77-train-6003,pending_transfer,pending_transfer,True,,0.9800699736463914,,4.470802377909422e-05
multinomial_naive_bayes,dev,banking77-train-6073,pending_transfer,Refund_not_showing_up,False,,0.9920010398955553,,7.337494753301144e-05
multinomial_naive_bayes,dev,banking77-train-6082,pending_transfer,pending_card_payment,False,,0.8427654042400918,,5.837494973093271e-05
multinomial_naive_bayes,dev,banking77-train-6077,pending_transfer,pending_transfer,True,,0.9998803330115439,,0.0013632499612867832
multinomial_naive_bayes,dev,banking77-train-6079,pending_transfer,pending_transfer,True,,0.9999825112033862,,5.562498699873686e-05
multinomial_naive_bayes,dev,banking77-train-7429,failed_transfer,failed_transfer,True,,0.9999731474554456,,5.804200191050768e-05
multinomial_naive_bayes,dev,banking77-train-7448,failed_transfer,failed_transfer,True,,0.9999999999991047,,0.00013804191257804632
multinomial_naive_bayes,dev,banking77-train-7480,failed_transfer,declined_card_payment,False,,0.4439606377194933,,4.341697786003351e-05
multinomial_naive_bayes,dev,banking77-train-7447,failed_transfer,transfer_not_received_by_recipient,False,,0.9990421226094229,,5.258305463939905e-05
multinomial_naive_bayes,dev,banking77-train-7481,failed_transfer,failed_transfer,True,,0.9981553825165005,,6.0709076933562756e-05
multinomial_naive_bayes,dev,banking77-train-7518,failed_transfer,failed_transfer,True,,0.9997220683157901,,6.533402483910322e-05
multinomial_naive_bayes,dev,banking77-train-7436,failed_transfer,failed_transfer,True,,0.9999999990174306,,0.00013458298053592443
multinomial_naive_bayes,dev,banking77-train-7428,failed_transfer,failed_transfer,True,,0.9999999978529932,,0.0001230000052601099
multinomial_naive_bayes,dev,banking77-train-7497,failed_transfer,failed_transfer,True,,0.9999862272090833,,6.7666987888515e-05
multinomial_naive_bayes,dev,banking77-train-7544,failed_transfer,failed_transfer,True,,0.9999999999999802,,0.00017895898781716824
multinomial_naive_bayes,dev,banking77-train-2755,transfer_not_received_by_recipient,transfer_not_received_by_recipient,True,,0.9820140389393537,,7.020903285592794e-05
multinomial_naive_bayes,dev,banking77-train-2786,transfer_not_received_by_recipient,transfer_not_received_by_recipient,True,,0.9999999631678758,,0.00015304097905755043
multinomial_naive_bayes,dev,banking77-train-2706,transfer_not_received_by_recipient,card_payment_not_recognised,False,,0.9918186678395237,,5.916692316532135e-05
multinomial_naive_bayes,dev,banking77-train-2802,transfer_not_received_by_recipient,transfer_not_received_by_recipient,True,,0.9999999945814311,,6.441702134907246e-05
multinomial_naive_bayes,dev,banking77-train-2778,transfer_not_received_by_recipient,transfer_not_received_by_recipient,True,,0.9999999957111738,,0.00011520890984684229
multinomial_naive_bayes,dev,banking77-train-2822,transfer_not_received_by_recipient,transfer_not_received_by_recipient,True,,0.9998070460265752,,4.687509499490261e-05
multinomial_naive_bayes,dev,banking77-train-2729,transfer_not_received_by_recipient,transfer_not_received_by_recipient,True,,0.9999999999827962,,0.00014695897698402405
multinomial_naive_bayes,dev,banking77-train-2852,transfer_not_received_by_recipient,transfer_not_received_by_recipient,True,,0.9577392167218026,,0.00010479101911187172
multinomial_naive_bayes,dev,banking77-train-2868,transfer_not_received_by_recipient,transfer_not_received_by_recipient,True,,0.9999999999999969,,0.00015708303544670343
multinomial_naive_bayes,dev,banking77-train-2781,transfer_not_received_by_recipient,transfer_not_received_by_recipient,True,,0.9999999999979903,,8.070794865489006e-05
multinomial_naive_bayes,test,banking77-test-369,card_not_working,declined_card_payment,False,,0.7959790440933434,,4.63330652564764e-05
multinomial_naive_bayes,test,banking77-test-368,card_not_working,card_payment_not_recognised,False,,0.9813605429182808,,5.450006574392319e-05
multinomial_naive_bayes,test,banking77-test-380,card_not_working,card_not_working,True,,0.9999086058294041,,4.558300133794546e-05
multinomial_naive_bayes,test,banking77-test-381,card_not_working,card_not_working,True,,0.7577343713496314,,2.933293581008911e-05
multinomial_naive_bayes,test,banking77-test-396,card_not_working,card_not_working,True,,0.9999528498220455,,5.866598803550005e-05
multinomial_naive_bayes,test,banking77-test-378,card_not_working,card_not_working,True,,0.962644039526009,,3.783300053328276e-05
multinomial_naive_bayes,test,banking77-test-394,card_not_working,declined_card_payment,False,,0.6296965929602071,,4.650000482797623e-05
multinomial_naive_bayes,test,banking77-test-384,card_not_working,card_not_working,True,,0.9959340477389168,,5.204102490097284e-05
multinomial_naive_bayes,test,banking77-test-387,card_not_working,card_not_working,True,,0.9998186675995295,,4.4291955418884754e-05
multinomial_naive_bayes,test,banking77-test-363,card_not_working,card_not_working,True,,0.9851829124488323,,6.870797369629145e-05
multinomial_naive_bayes,test,banking77-test-397,card_not_working,pending_card_payment,False,,0.47523340482593046,,4.470802377909422e-05
multinomial_naive_bayes,test,banking77-test-393,card_not_working,declined_card_payment,False,,0.9999828955405317,,9.170803241431713e-05
multinomial_naive_bayes,test,banking77-test-364,card_not_working,card_not_working,True,,0.6838561296990027,,2.779101487249136e-05
multinomial_naive_bayes,test,banking77-test-372,card_not_working,card_not_working,True,,0.980562756804199,,4.975008778274059e-05
multinomial_naive_bayes,test,banking77-test-395,card_not_working,card_not_working,True,,0.9999947885276792,,7.791700772941113e-05
multinomial_naive_bayes,test,banking77-test-398,card_not_working,card_not_working,True,,0.9978282179413883,,7.691700011491776e-05
multinomial_naive_bayes,test,banking77-test-374,card_not_working,card_not_working,True,,0.9995353136807793,,4.504097159951925e-05
multinomial_naive_bayes,test,banking77-test-376,card_not_working,card_not_working,True,,0.9999650720429374,,4.650000482797623e-05
multinomial_naive_bayes,test,banking77-test-392,card_not_working,card_not_working,True,,0.74203762818675,,2.595805563032627e-05
multinomial_naive_bayes,test,banking77-test-399,card_not_working,card_not_working,True,,0.45832678079384354,,6.0582999140024185e-05
multinomial_naive_bayes,test,banking77-test-572,contactless_not_working,card_not_working,False,,0.8505424972868593,,4.3042004108428955e-05
multinomial_naive_bayes,test,banking77-test-581,contactless_not_working,contactless_not_working,True,,0.5434900579719832,,5.691696424037218e-05
multinomial_naive_bayes,test,banking77-test-582,contactless_not_working,declined_card_payment,False,,0.6596809964134851,,0.00013162498362362385
multinomial_naive_bayes,test,banking77-test-584,contactless_not_working,card_not_working,False,,0.9998611773535501,,0.0001265000319108367
multinomial_naive_bayes,test,banking77-test-574,contactless_not_working,card_not_working,False,,0.7837345259915216,,5.987496115267277e-05
multinomial_naive_bayes,test,banking77-test-560,contactless_not_working,declined_card_payment,False,,0.9375178458158928,,5.004194099456072e-05
multinomial_naive_bayes,test,banking77-test-569,contactless_not_working,declined_card_payment,False,,0.9979563290093912,,0.00012374995276331902
multinomial_naive_bayes,test,banking77-test-570,contactless_not_working,failed_transfer,False,,0.9769136079496901,,0.00012641598004847765
multinomial_naive_bayes,test,banking77-test-579,contactless_not_working,card_not_working,False,,0.43752138128349954,,4.729104693979025e-05
multinomial_naive_bayes,test,banking77-test-568,contactless_not_working,transfer_not_received_by_recipient,False,,0.42526019897155054,,5.0083035603165627e-05
multinomial_naive_bayes,test,banking77-test-578,contactless_not_working,card_not_working,False,,0.784532259407797,,3.850006032735109e-05
multinomial_naive_bayes,test,banking77-test-594,contactless_not_working,card_not_working,False,,0.9907400136561164,,6.758305244147778e-05
multinomial_naive_bayes,test,banking77-test-567,contactless_not_working,declined_card_payment,False,,0.9970171482672021,,7.154210470616817e-05
multinomial_naive_bayes,test,banking77-test-576,contactless_not_working,contactless_not_working,True,,0.9652927768967624,,2.6708003133535385e-05
multinomial_naive_bayes,test,banking77-test-563,contactless_not_working,declined_card_payment,False,,0.8898049489158381,,0.00015454203821718693
multinomial_naive_bayes,test,banking77-test-598,contactless_not_working,Refund_not_showing_up,False,,0.7832475556210128,,5.8458070270717144e-05
multinomial_naive_bayes,test,banking77-test-575,contactless_not_working,card_not_working,False,,0.9997245310975414,,5.925004370510578e-05
multinomial_naive_bayes,test,banking77-test-588,contactless_not_working,card_not_working,False,,0.9328951436319083,,4.704191815108061e-05
multinomial_naive_bayes,test,banking77-test-595,contactless_not_working,card_not_working,False,,0.5644178397205201,,4.15419926866889e-05
multinomial_naive_bayes,test,banking77-test-566,contactless_not_working,transaction_charged_twice,False,,0.6606169046906228,,0.00013279204722493887
multinomial_naive_bayes,test,banking77-test-2530,virtual_card_not_working,virtual_card_not_working,True,,0.9993891932481485,,5.0915987230837345e-05
multinomial_naive_bayes,test,banking77-test-2541,virtual_card_not_working,card_not_working,False,,0.9922157406505202,,7.075001485645771e-05
multinomial_naive_bayes,test,banking77-test-2542,virtual_card_not_working,virtual_card_not_working,True,,0.9989644964882046,,6.808305624872446e-05
multinomial_naive_bayes,test,banking77-test-2543,virtual_card_not_working,virtual_card_not_working,True,,0.8849391728114159,,6.795802619308233e-05
multinomial_naive_bayes,test,banking77-test-2556,virtual_card_not_working,card_not_working,False,,0.6240762373714642,,6.40420475974679e-05
multinomial_naive_bayes,test,banking77-test-2546,virtual_card_not_working,virtual_card_not_working,True,,0.7192196225368164,,5.808298010379076e-05
multinomial_naive_bayes,test,banking77-test-2550,virtual_card_not_working,virtual_card_not_working,True,,0.9947529242748466,,6.920797750353813e-05
multinomial_naive_bayes,test,banking77-test-2538,virtual_card_not_working,card_payment_not_recognised,False,,0.8314303758830247,,0.00010295899119228125
multinomial_naive_bayes,test,banking77-test-2525,virtual_card_not_working,declined_card_payment,False,,0.9960046622699334,,5.5582961067557335e-05
multinomial_naive_bayes,test,banking77-test-2551,virtual_card_not_working,virtual_card_not_working,True,,0.9769254770573966,,8.63329041749239e-05
multinomial_naive_bayes,test,banking77-test-2528,virtual_card_not_working,declined_card_payment,False,,0.9990668258650071,,0.0001224579755216837
multinomial_naive_bayes,test,banking77-test-2553,virtual_card_not_working,virtual_card_not_working,True,,0.9868096899044339,,7.54999928176403e-05
multinomial_naive_bayes,test,banking77-test-2554,virtual_card_not_working,virtual_card_not_working,True,,0.9949634708582258,,4.549999721348286e-05
multinomial_naive_bayes,test,banking77-test-2548,virtual_card_not_working,declined_card_payment,False,,0.8665649987367553,,0.0001004169462248683
multinomial_naive_bayes,test,banking77-test-2540,virtual_card_not_working,card_not_working,False,,0.9894413225717854,,6.508291698992252e-05
multinomial_naive_bayes,test,banking77-test-2526,virtual_card_not_working,pending_card_payment,False,,0.8867811480241681,,0.00023195904213935137
multinomial_naive_bayes,test,banking77-test-2549,virtual_card_not_working,virtual_card_not_working,True,,0.9541670086640931,,0.0002031250623986125
multinomial_naive_bayes,test,banking77-test-2559,virtual_card_not_working,card_not_working,False,,0.9559289332208557,,5.779101047664881e-05
multinomial_naive_bayes,test,banking77-test-2555,virtual_card_not_working,declined_card_payment,False,,0.45688960788340727,,0.00012541702017188072
multinomial_naive_bayes,test,banking77-test-2537,virtual_card_not_working,virtual_card_not_working,True,,0.9084783463918932,,0.00016133300960063934
multinomial_naive_bayes,test,banking77-test-1829,declined_card_payment,declined_card_payment,True,,0.9999997070059409,,0.00015595799777656794
multinomial_naive_bayes,test,banking77-test-1821,declined_card_payment,declined_card_payment,True,,0.9997804424329292,,0.0001129999291151762
multinomial_naive_bayes,test,banking77-test-1830,declined_card_payment,declined_card_payment,True,,0.9999645901057177,,0.00012629094999283552
multinomial_naive_bayes,test,banking77-test-1825,declined_card_payment,declined_card_payment,True,,0.9999699868800557,,0.0001178329112008214
multinomial_naive_bayes,test,banking77-test-1831,declined_card_payment,declined_card_payment,True,,0.9975695040161541,,7.141695823520422e-05
multinomial_naive_bayes,test,banking77-test-1822,declined_card_payment,declined_card_payment,True,,0.9996468771625412,,0.00016445806249976158
multinomial_naive_bayes,test,banking77-test-1828,declined_card_payment,declined_card_payment,True,,0.9999852069072578,,0.00026833300944417715
multinomial_naive_bayes,test,banking77-test-1836,declined_card_payment,declined_card_payment,True,,0.9961759345411065,,3.587501123547554e-05
multinomial_naive_bayes,test,banking77-test-1819,declined_card_payment,declined_card_payment,True,,0.9999972039586341,,7.029192056506872e-05
multinomial_naive_bayes,test,banking77-test-1811,declined_card_payment,declined_card_payment,True,,0.9999999999910243,,0.00015320803504437208
multinomial_naive_bayes,test,banking77-test-1839,declined_card_payment,declined_card_payment,True,,0.9999999999999973,,0.00015962496399879456
multinomial_naive_bayes,test,banking77-test-1809,declined_card_payment,declined_card_payment,True,,1.0,,0.000253707985393703
multinomial_naive_bayes,test,banking77-test-1817,declined_card_payment,declined_card_payment,True,,0.9999999984098018,,7.49160535633564e-05
multinomial_naive_bayes,test,banking77-test-1832,declined_card_payment,declined_card_payment,True,,0.9999935105802192,,9.316694922745228e-05
multinomial_naive_bayes,test,banking77-test-1814,declined_card_payment,declined_card_payment,True,,0.9982415277927728,,5.7208933867514133e-05
multinomial_naive_bayes,test,banking77-test-1815,declined_card_payment,declined_card_payment,True,,0.9222791041276605,,0.00012666592374444008
multinomial_naive_bayes,test,banking77-test-1826,declined_card_payment,declined_card_payment,True,,0.9906934525507913,,0.00013158295769244432
multinomial_naive_bayes,test,banking77-test-1820,declined_card_payment,declined_card_payment,True,,0.9998779424319216,,0.00011399993672966957
multinomial_naive_bayes,test,banking77-test-1806,declined_card_payment,declined_card_payment,True,,0.9997850013259565,,5.162495654076338e-05
multinomial_naive_bayes,test,banking77-test-1810,declined_card_payment,transaction_charged_twice,False,,0.9276615863457958,,8.841697126626968e-05
multinomial_naive_bayes,test,banking77-test-1634,pending_card_payment,pending_card_payment,True,,0.9917608977654917,,6.395799573510885e-05
multinomial_naive_bayes,test,banking77-test-1632,pending_card_payment,pending_card_payment,True,,0.9675889573905466,,0.0003397089894860983
multinomial_naive_bayes,test,banking77-test-1603,pending_card_payment,card_payment_not_recognised,False,,0.8617855257404523,,9.733391925692558e-05
multinomial_naive_bayes,test,banking77-test-1613,pending_card_payment,pending_card_payment,True,,0.9999993300721037,,0.00010854203719645739
multinomial_naive_bayes,test,banking77-test-1623,pending_card_payment,pending_card_payment,True,,0.9925137616740505,,3.908306825906038e-05
multinomial_naive_bayes,test,banking77-test-1617,pending_card_payment,pending_card_payment,True,,0.9999960618310492,,0.00016933295410126448
multinomial_naive_bayes,test,banking77-test-1609,pending_card_payment,pending_card_payment,True,,0.9998996736922312,,6.533297710120678e-05
multinomial_naive_bayes,test,banking77-test-1610,pending_card_payment,pending_card_payment,True,,0.9904039986110117,,0.0001032090513035655
multinomial_naive_bayes,test,banking77-test-1604,pending_card_payment,pending_card_payment,True,,0.9999999843967493,,6.266601849347353e-05
multinomial_naive_bayes,test,banking77-test-1608,pending_card_payment,pending_card_payment,True,,0.9999974461559547,,4.691688809543848e-05
multinomial_naive_bayes,test,banking77-test-1601,pending_card_payment,pending_card_payment,True,,0.999215102472323,,6.062490865588188e-05
multinomial_naive_bayes,test,banking77-test-1630,pending_card_payment,pending_card_payment,True,,0.9983121588559348,,7.02909892424941e-05
multinomial_naive_bayes,test,banking77-test-1635,pending_card_payment,pending_card_payment,True,,0.9999945127196501,,0.00021341594401746988
multinomial_naive_bayes,test,banking77-test-1600,pending_card_payment,pending_card_payment,True,,0.999969516061173,,0.00015249999705702066
multinomial_naive_bayes,test,banking77-test-1624,pending_card_payment,pending_card_payment,True,,0.999642248522522,,0.00010545796249061823
multinomial_naive_bayes,test,banking77-test-1616,pending_card_payment,pending_card_payment,True,,0.9996592067152491,,5.379098001867533e-05
multinomial_naive_bayes,test,banking77-test-1611,pending_card_payment,card_payment_not_recognised,False,,0.6368187367704043,,7.908395491540432e-05
multinomial_naive_bayes,test,banking77-test-1605,pending_card_payment,pending_card_payment,True,,0.6351656433257196,,9.833299554884434e-05
multinomial_naive_bayes,test,banking77-test-1637,pending_card_payment,pending_card_payment,True,,0.9999999999999973,,0.0003773339558392763
multinomial_naive_bayes,test,banking77-test-1621,pending_card_payment,pending_card_payment,True,,0.999999887893343,,0.0001895830500870943
multinomial_naive_bayes,test,banking77-test-1103,card_payment_not_recognised,card_payment_not_recognised,True,,0.9999999999975431,,0.00029612507205456495
multinomial_naive_bayes,test,banking77-test-1114,card_payment_not_recognised,card_payment_not_recognised,True,,0.9230029475766885,,0.00010320800356566906
multinomial_naive_bayes,test,banking77-test-1084,card_payment_not_recognised,card_payment_not_recognised,True,,0.9998219982826125,,0.00010374991688877344
multinomial_naive_bayes,test,banking77-test-1087,card_payment_not_recognised,card_payment_not_recognised,True,,0.9249312718695597,,5.5833952501416206e-05
multinomial_naive_bayes,test,banking77-test-1081,card_payment_not_recognised,card_payment_not_recognised,True,,0.999999999561255,,9.683298412710428e-05
multinomial_naive_bayes,test,banking77-test-1095,card_payment_not_recognised,card_payment_not_recognised,True,,0.9998132743191903,,7.754098623991013e-05
multinomial_naive_bayes,test,banking77-test-1118,card_payment_not_recognised,card_payment_not_recognised,True,,0.9999997943699149,,8.295790757983923e-05
multinomial_naive_bayes,test,banking77-test-1090,card_payment_not_recognised,card_payment_not_recognised,True,,0.9999999999999991,,0.00024991598911583424
multinomial_naive_bayes,test,banking77-test-1116,card_payment_not_recognised,card_payment_not_recognised,True,,0.9904252278801751,,9.175005834549665e-05
multinomial_naive_bayes,test,banking77-test-1097,card_payment_not_recognised,card_payment_not_recognised,True,,0.9999997525591119,,6.374996155500412e-05
multinomial_naive_bayes,test,banking77-test-1099,card_payment_not_recognised,card_payment_not_recognised,True,,0.9989208339781604,,3.787491004914045e-05
multinomial_naive_bayes,test,banking77-test-1085,card_payment_not_recognised,card_payment_not_recognised,True,,0.9988648412679201,,5.1541952416300774e-05
multinomial_naive_bayes,test,banking77-test-1086,card_payment_not_recognised,card_payment_not_recognised,True,,0.9999999999998788,,8.462497498840094e-05
multinomial_naive_bayes,test,banking77-test-1082,card_payment_not_recognised,card_payment_not_recognised,True,,0.9999980254769515,,5.729100666940212e-05
multinomial_naive_bayes,test,banking77-test-1115,card_payment_not_recognised,card_payment_not_recognised,True,,0.9999999978518899,,8.254195563495159e-05
multinomial_naive_bayes,test,banking77-test-1108,card_payment_not_recognised,card_payment_not_recognised,True,,0.9999999999278879,,7.420801557600498e-05
multinomial_naive_bayes,test,banking77-test-1100,card_payment_not_recognised,card_payment_not_recognised,True,,0.9999999992727677,,0.00015666696708649397
multinomial_naive_bayes,test,banking77-test-1113,card_payment_not_recognised,card_payment_not_recognised,True,,1.0,,0.00018199998885393143
multinomial_naive_bayes,test,banking77-test-1094,card_payment_not_recognised,card_payment_not_recognised,True,,0.9999999550324179,,5.4040923714637756e-05
multinomial_naive_bayes,test,banking77-test-1083,card_payment_not_recognised,card_payment_not_recognised,True,,0.9999999982680428,,8.395803160965443e-05
multinomial_naive_bayes,test,banking77-test-1995,transaction_charged_twice,transaction_charged_twice,True,,1.0,,0.0001925410469993949
multinomial_naive_bayes,test,banking77-test-1992,transaction_charged_twice,transaction_charged_twice,True,,0.9999999239997672,,6.287498399615288e-05
multinomial_naive_bayes,test,banking77-test-1977,transaction_charged_twice,transaction_charged_twice,True,,0.9999067924739381,,5.7958997786045074e-05
multinomial_naive_bayes,test,banking77-test-1991,transaction_charged_twice,transaction_charged_twice,True,,0.9999968667296747,,3.483402542769909e-05
multinomial_naive_bayes,test,banking77-test-1982,transaction_charged_twice,transaction_charged_twice,True,,1.0,,0.00015854195225983858
multinomial_naive_bayes,test,banking77-test-1978,transaction_charged_twice,transaction_charged_twice,True,,0.9999999999996545,,7.516692858189344e-05
multinomial_naive_bayes,test,banking77-test-1989,transaction_charged_twice,transaction_charged_twice,True,,0.9999999999999958,,7.612502668052912e-05
multinomial_naive_bayes,test,banking77-test-1998,transaction_charged_twice,transaction_charged_twice,True,,0.9999771572202495,,7.054198067635298e-05
multinomial_naive_bayes,test,banking77-test-1984,transaction_charged_twice,transaction_charged_twice,True,,1.0,,0.0001499159261584282
multinomial_naive_bayes,test,banking77-test-1963,transaction_charged_twice,transaction_charged_twice,True,,0.9999999445725221,,9.008392225950956e-05
multinomial_naive_bayes,test,banking77-test-1965,transaction_charged_twice,transaction_charged_twice,True,,0.9999999999380911,,5.52500132471323e-05
multinomial_naive_bayes,test,banking77-test-1967,transaction_charged_twice,transaction_charged_twice,True,,0.9999999999859632,,0.00013212510384619236
multinomial_naive_bayes,test,banking77-test-1990,transaction_charged_twice,transaction_charged_twice,True,,0.9999999999999976,,8.820893708616495e-05
multinomial_naive_bayes,test,banking77-test-1993,transaction_charged_twice,transaction_charged_twice,True,,1.0,,0.0002970410278066993
multinomial_naive_bayes,test,banking77-test-1983,transaction_charged_twice,transaction_charged_twice,True,,0.9985832447563568,,9.891600348055363e-05
multinomial_naive_bayes,test,banking77-test-1996,transaction_charged_twice,transaction_charged_twice,True,,0.9999999999941682,,8.475000504404306e-05
multinomial_naive_bayes,test,banking77-test-1985,transaction_charged_twice,transaction_charged_twice,True,,0.9965919568946768,,5.6833960115909576e-05
multinomial_naive_bayes,test,banking77-test-1981,transaction_charged_twice,transaction_charged_twice,True,,0.9999990850306631,,4.641700070351362e-05
multinomial_naive_bayes,test,banking77-test-1980,transaction_charged_twice,transaction_charged_twice,True,,1.0,,0.00016312499064952135
multinomial_naive_bayes,test,banking77-test-1964,transaction_charged_twice,card_payment_not_recognised,False,,0.9987410776201083,,4.620908293873072e-05
multinomial_naive_bayes,test,banking77-test-1718,request_refund,request_refund,True,,0.9999999999458018,,5.420797970145941e-05
multinomial_naive_bayes,test,banking77-test-1716,request_refund,request_refund,True,,0.9999984529019906,,5.212496034801006e-05
multinomial_naive_bayes,test,banking77-test-1717,request_refund,request_refund,True,,0.999999806787405,,6.779201794415712e-05
multinomial_naive_bayes,test,banking77-test-1707,request_refund,request_refund,True,,0.9999999865324167,,0.00010020798072218895
multinomial_naive_bayes,test,banking77-test-1701,request_refund,request_refund,True,,0.9994780295868326,,4.0790997445583344e-05
multinomial_naive_bayes,test,banking77-test-1682,request_refund,request_refund,True,,0.9998615266865555,,3.033294342458248e-05
multinomial_naive_bayes,test,banking77-test-1692,request_refund,request_refund,True,,0.9999999999998992,,0.0001312500098720193
multinomial_naive_bayes,test,banking77-test-1693,request_refund,request_refund,True,,0.9984355349411235,,4.5375083573162556e-05
multinomial_naive_bayes,test,banking77-test-1699,request_refund,request_refund,True,,0.9999999999986593,,9.470910299569368e-05
multinomial_naive_bayes,test,banking77-test-1712,request_refund,request_refund,True,,0.9999999999902864,,0.00020758400205522776
multinomial_naive_bayes,test,banking77-test-1711,request_refund,request_refund,True,,0.9999999993992048,,6.395799573510885e-05
multinomial_naive_bayes,test,banking77-test-1704,request_refund,request_refund,True,,0.9976019710355177,,3.524997737258673e-05
multinomial_naive_bayes,test,banking77-test-1681,request_refund,request_refund,True,,0.9999775892754916,,5.862500984221697e-05
multinomial_naive_bayes,test,banking77-test-1703,request_refund,request_refund,True,,0.9999999999628435,,7.716706022620201e-05
multinomial_naive_bayes,test,banking77-test-1708,request_refund,request_refund,True,,0.9995896447325342,,7.304106839001179e-05
multinomial_naive_bayes,test,banking77-test-1705,request_refund,request_refund,True,,0.999999939349269,,9.112502448260784e-05
multinomial_naive_bayes,test,banking77-test-1696,request_refund,request_refund,True,,0.9999992475220887,,6.400002166628838e-05
multinomial_naive_bayes,test,banking77-test-1694,request_refund,request_refund,True,,0.9999996384340373,,5.912489723414183e-05
multinomial_naive_bayes,test,banking77-test-1713,request_refund,request_refund,True,,0.9999995122005111,,9.229197166860104e-05
multinomial_naive_bayes,test,banking77-test-1689,request_refund,request_refund,True,,0.9999992436184851,,0.00010862492490559816
multinomial_naive_bayes,test,banking77-test-1781,Refund_not_showing_up,Refund_not_showing_up,True,,0.9999961613840557,,5.6709046475589275e-05
multinomial_naive_bayes,test,banking77-test-1763,Refund_not_showing_up,Refund_not_showing_up,True,,0.9999999995491611,,0.00013062497600913048
multinomial_naive_bayes,test,banking77-test-1779,Refund_not_showing_up,Refund_not_showing_up,True,,0.9999988021953244,,9.541702456772327e-05
multinomial_naive_bayes,test,banking77-test-1791,Refund_not_showing_up,Refund_not_showing_up,True,,0.9999999666120776,,9.270908776670694e-05
multinomial_naive_bayes,test,banking77-test-1765,Refund_not_showing_up,Refund_not_showing_up,True,,1.0,,0.00024479208514094353
multinomial_naive_bayes,test,banking77-test-1788,Refund_not_showing_up,Refund_not_showing_up,True,,0.9999997421667078,,6.350001785904169e-05
multinomial_naive_bayes,test,banking77-test-1771,Refund_not_showing_up,Refund_not_showing_up,True,,0.9999999408630807,,5.791697185486555e-05
multinomial_naive_bayes,test,banking77-test-1777,Refund_not_showing_up,Refund_not_showing_up,True,,0.9999999468659323,,7.112498860806227e-05
multinomial_naive_bayes,test,banking77-test-1795,Refund_not_showing_up,Refund_not_showing_up,True,,1.0,,0.00017233402468264103
multinomial_naive_bayes,test,banking77-test-1775,Refund_not_showing_up,Refund_not_showing_up,True,,0.9961343881560822,,0.0001470409333705902
multinomial_naive_bayes,test,banking77-test-1760,Refund_not_showing_up,Refund_not_showing_up,True,,0.9999999265082674,,6.41669612377882e-05
multinomial_naive_bayes,test,banking77-test-1773,Refund_not_showing_up,Refund_not_showing_up,True,,0.9999953248075927,,6.004201713949442e-05
multinomial_naive_bayes,test,banking77-test-1797,Refund_not_showing_up,Refund_not_showing_up,True,,1.0,,0.0002713750582188368
multinomial_naive_bayes,test,banking77-test-1785,Refund_not_showing_up,Refund_not_showing_up,True,,0.9999836079696849,,6.904196925461292e-05
multinomial_naive_bayes,test,banking77-test-1761,Refund_not_showing_up,Refund_not_showing_up,True,,0.9999996382892291,,4.679197445511818e-05
multinomial_naive_bayes,test,banking77-test-1766,Refund_not_showing_up,Refund_not_showing_up,True,,0.9945926609449824,,3.270909655839205e-05
multinomial_naive_bayes,test,banking77-test-1764,Refund_not_showing_up,Refund_not_showing_up,True,,0.9994555565762527,,8.337502367794514e-05
multinomial_naive_bayes,test,banking77-test-1784,Refund_not_showing_up,Refund_not_showing_up,True,,0.9999999994637796,,0.00010304094757884741
multinomial_naive_bayes,test,banking77-test-1774,Refund_not_showing_up,Refund_not_showing_up,True,,0.9999995699437485,,0.00017312506679445505
multinomial_naive_bayes,test,banking77-test-1799,Refund_not_showing_up,Refund_not_showing_up,True,,0.9999999999281959,,0.00010175001807510853
multinomial_naive_bayes,test,banking77-test-1869,pending_transfer,pending_card_payment,False,,0.8982541691303843,,8.987495675683022e-05
multinomial_naive_bayes,test,banking77-test-1858,pending_transfer,transfer_not_received_by_recipient,False,,0.9992658624051765,,6.200000643730164e-05
multinomial_naive_bayes,test,banking77-test-1870,pending_transfer,pending_transfer,True,,0.9970190468776198,,4.458299372345209e-05
multinomial_naive_bayes,test,banking77-test-1853,pending_transfer,pending_transfer,True,,0.9992840655645598,,0.00016595807392150164
multinomial_naive_bayes,test,banking77-test-1876,pending_transfer,pending_transfer,True,,0.9999985032044192,,0.00010266597382724285
multinomial_naive_bayes,test,banking77-test-1856,pending_transfer,pending_transfer,True,,0.9999921152519556,,5.791697185486555e-05
multinomial_naive_bayes,test,banking77-test-1872,pending_transfer,pending_transfer,True,,0.9999960952484277,,5.9416983276605606e-05
multinomial_naive_bayes,test,banking77-test-1860,pending_transfer,pending_transfer,True,,0.9525055016836741,,6.270804442465305e-05
multinomial_naive_bayes,test,banking77-test-1844,pending_transfer,pending_transfer,True,,0.99999152819172,,0.0001216670498251915
multinomial_naive_bayes,test,banking77-test-1873,pending_transfer,pending_transfer,True,,0.9999999999887399,,0.00018108391668647528
multinomial_naive_bayes,test,banking77-test-1852,pending_transfer,pending_transfer,True,,0.9977894612481358,,5.983305163681507e-05
multinomial_naive_bayes,test,banking77-test-1868,pending_transfer,pending_transfer,True,,0.9996485354224329,,6.504205521196127e-05
multinomial_naive_bayes,test,banking77-test-1875,pending_transfer,pending_transfer,True,,0.6567205352897174,,0.00010120798833668232
multinomial_naive_bayes,test,banking77-test-1857,pending_transfer,pending_transfer,True,,0.9968365576440031,,3.424996975809336e-05
multinomial_naive_bayes,test,banking77-test-1854,pending_transfer,pending_transfer,True,,0.9999893198056932,,0.00010458298493176699
multinomial_naive_bayes,test,banking77-test-1842,pending_transfer,pending_transfer,True,,0.6928458638052049,,0.00011416699271649122
multinomial_naive_bayes,test,banking77-test-1849,pending_transfer,pending_transfer,True,,0.9997968550789438,,0.00017170899081975222
multinomial_naive_bayes,test,banking77-test-1879,pending_transfer,pending_transfer,True,,0.9999836534973736,,7.950002327561378e-05
multinomial_naive_bayes,test,banking77-test-1848,pending_transfer,pending_transfer,True,,0.9772996496735653,,6.48329732939601e-05
multinomial_naive_bayes,test,banking77-test-1845,pending_transfer,pending_card_payment,False,,0.7550661998957773,,4.204094875603914e-05
multinomial_naive_bayes,test,banking77-test-2284,failed_transfer,failed_transfer,True,,0.9999564095221706,,4.924996756017208e-05
multinomial_naive_bayes,test,banking77-test-2303,failed_transfer,failed_transfer,True,,0.9995650829279364,,5.466700531542301e-05
multinomial_naive_bayes,test,banking77-test-2297,failed_transfer,failed_transfer,True,,0.999999829946862,,0.00013749999925494194
multinomial_naive_bayes,test,banking77-test-2283,failed_transfer,failed_transfer,True,,0.9999999807974481,,9.654206223785877e-05
multinomial_naive_bayes,test,banking77-test-2298,failed_transfer,failed_transfer,True,,1.0,,0.00037445907946676016
multinomial_naive_bayes,test,banking77-test-2312,failed_transfer,failed_transfer,True,,0.9999999999998304,,0.00015758303925395012
multinomial_naive_bayes,test,banking77-test-2310,failed_transfer,failed_transfer,True,,0.9999999998574949,,0.00010370905511081219
multinomial_naive_bayes,test,banking77-test-2314,failed_transfer,transfer_not_received_by_recipient,False,,0.4026202006711832,,5.495792720466852e-05
multinomial_naive_bayes,test,banking77-test-2288,failed_transfer,failed_transfer,True,,0.9987410267403001,,5.4416945204138756e-05
multinomial_naive_bayes,test,banking77-test-2316,failed_transfer,failed_transfer,True,,0.9977162469416907,,5.112495273351669e-05
multinomial_naive_bayes,test,banking77-test-2290,failed_transfer,failed_transfer,True,,0.8959149347951575,,8.487503509968519e-05
multinomial_naive_bayes,test,banking77-test-2289,failed_transfer,failed_transfer,True,,0.9991530210388213,,4.587508738040924e-05
multinomial_naive_bayes,test,banking77-test-2294,failed_transfer,failed_transfer,True,,0.9995099365948762,,4.016596358269453e-05
multinomial_naive_bayes,test,banking77-test-2305,failed_transfer,failed_transfer,True,,0.36542597187080256,,4.3042004108428955e-05
multinomial_naive_bayes,test,banking77-test-2295,failed_transfer,transfer_not_received_by_recipient,False,,0.9998482960370174,,5.279190372675657e-05
multinomial_naive_bayes,test,banking77-test-2304,failed_transfer,failed_transfer,True,,0.9720809690702363,,3.658304922282696e-05
multinomial_naive_bayes,test,banking77-test-2308,failed_transfer,failed_transfer,True,,0.9999999963352415,,0.00011245801579207182
multinomial_naive_bayes,test,banking77-test-2280,failed_transfer,failed_transfer,True,,0.9987678289587778,,9.433296509087086e-05
multinomial_naive_bayes,test,banking77-test-2306,failed_transfer,failed_transfer,True,,1.0,,0.0003023339668288827
multinomial_naive_bayes,test,banking77-test-2307,failed_transfer,failed_transfer,True,,0.9997667650984182,,3.5375007428228855e-05
multinomial_naive_bayes,test,banking77-test-857,transfer_not_received_by_recipient,failed_transfer,False,,0.9997158915654911,,9.200000204145908e-05
multinomial_naive_bayes,test,banking77-test-879,transfer_not_received_by_recipient,transfer_not_received_by_recipient,True,,0.9999998990517203,,7.987499702721834e-05
multinomial_naive_bayes,test,banking77-test-866,transfer_not_received_by_recipient,transfer_not_received_by_recipient,True,,0.8099341526461487,,6.237498018890619e-05
multinomial_naive_bayes,test,banking77-test-842,transfer_not_received_by_recipient,pending_transfer,False,,0.8320540991965294,,7.408298552036285e-05
multinomial_naive_bayes,test,banking77-test-850,transfer_not_received_by_recipient,transfer_not_received_by_recipient,True,,0.9999944284674446,,5.51670091226697e-05
multinomial_naive_bayes,test,banking77-test-870,transfer_not_received_by_recipient,transfer_not_received_by_recipient,True,,0.9999973308049389,,6.383308209478855e-05
multinomial_naive_bayes,test,banking77-test-877,transfer_not_received_by_recipient,transfer_not_received_by_recipient,True,,0.9999810605782492,,5.7416968047618866e-05
multinomial_naive_bayes,test,banking77-test-871,transfer_not_received_by_recipient,transfer_not_received_by_recipient,True,,1.0,,0.00020120805129408836
multinomial_naive_bayes,test,banking77-test-868,transfer_not_received_by_recipient,pending_transfer,False,,0.6218852736920375,,0.0001855409936979413
multinomial_naive_bayes,test,banking77-test-862,transfer_not_received_by_recipient,transfer_not_received_by_recipient,True,,1.0,,0.0003251249436289072
multinomial_naive_bayes,test,banking77-test-874,transfer_not_received_by_recipient,transfer_not_received_by_recipient,True,,0.9999996449065505,,0.00022995797917246819
multinomial_naive_bayes,test,banking77-test-861,transfer_not_received_by_recipient,transfer_not_received_by_recipient,True,,1.0,,0.00024304201360791922
multinomial_naive_bayes,test,banking77-test-859,transfer_not_received_by_recipient,transfer_not_received_by_recipient,True,,0.9999980823156995,,7.475004531443119e-05
multinomial_naive_bayes,test,banking77-test-851,transfer_not_received_by_recipient,transfer_not_received_by_recipient,True,,0.9176149550257279,,4.237494431436062e-05
multinomial_naive_bayes,test,banking77-test-847,transfer_not_received_by_recipient,transfer_not_received_by_recipient,True,,0.9999999143281841,,0.00015079102013260126
multinomial_naive_bayes,test,banking77-test-875,transfer_not_received_by_recipient,transfer_not_received_by_recipient,True,,0.9999999999999514,,0.00027012499049305916
multinomial_naive_bayes,test,banking77-test-872,transfer_not_received_by_recipient,transfer_not_received_by_recipient,True,,0.999999999990381,,0.00010466703679412603
multinomial_naive_bayes,test,banking77-test-849,transfer_not_received_by_recipient,pending_transfer,False,,0.9983703512062417,,4.229205660521984e-05
multinomial_naive_bayes,test,banking77-test-876,transfer_not_received_by_recipient,transfer_not_received_by_recipient,True,,0.9888711134358215,,5.0584087148308754e-05
multinomial_naive_bayes,test,banking77-test-848,transfer_not_received_by_recipient,transfer_not_received_by_recipient,True,,0.99997872806466,,5.095801316201687e-05
multinomial_naive_bayes,challenge,challenge-clear-0,contactless_not_working,transaction_charged_twice,False,,0.9965565057442978,,7.599999662488699e-05
multinomial_naive_bayes,challenge,challenge-clear-1,virtual_card_not_working,card_not_working,False,,0.9998270277423534,,7.412501145154238e-05
multinomial_naive_bayes,challenge,challenge-clear-2,declined_card_payment,declined_card_payment,True,,0.8342708660812255,,5.2582938224077225e-05
multinomial_naive_bayes,challenge,challenge-clear-3,transaction_charged_twice,transaction_charged_twice,True,,0.9999868743631497,,7.341592572629452e-05
multinomial_naive_bayes,challenge,challenge-clear-4,request_refund,request_refund,True,,0.9999976334951981,,7.062498480081558e-05
multinomial_naive_bayes,challenge,challenge-clear-5,Refund_not_showing_up,Refund_not_showing_up,True,,0.9999999014697966,,0.00010208308231085539
multinomial_naive_bayes,challenge,challenge-clear-6,pending_transfer,failed_transfer,False,,0.8963918053975181,,4.925008397549391e-05
multinomial_naive_bayes,challenge,challenge-clear-7,failed_transfer,failed_transfer,True,,0.6958349873465773,,6.17500627413392e-05
multinomial_naive_bayes,challenge,challenge-clear-8,transfer_not_received_by_recipient,transfer_not_received_by_recipient,True,,0.9921012416188214,,0.00012787501327693462
multinomial_naive_bayes,challenge,challenge-clear-9,card_payment_not_recognised,card_payment_not_recognised,True,,0.99999999572205,,0.00013129203580319881
multinomial_naive_bayes,challenge,challenge-clear-10,pending_card_payment,pending_card_payment,True,,0.9760607512296211,,6.704195402562618e-05
multinomial_naive_bayes,challenge,challenge-clear-11,card_not_working,card_not_working,True,,0.8660632738422558,,0.00010370800737291574
multinomial_naive_bayes,challenge,challenge-missing_information-0,needs_review,transaction_charged_twice,False,,0.6741413893934339,,5.4666073992848396e-05
multinomial_naive_bayes,challenge,challenge-missing_information-1,needs_review,transfer_not_received_by_recipient,False,,0.8276309431042628,,4.10410575568676e-05
multinomial_naive_bayes,challenge,challenge-missing_information-2,needs_review,declined_card_payment,False,,0.9875217206771566,,4.704098682850599e-05
multinomial_naive_bayes,challenge,challenge-missing_information-3,needs_review,transfer_not_received_by_recipient,False,,0.9434149669344905,,3.812497016042471e-05
multinomial_naive_bayes,challenge,challenge-missing_information-4,needs_review,pending_card_payment,False,,0.3851946945901841,,3.379210829734802e-05
multinomial_naive_bayes,challenge,challenge-missing_information-5,needs_review,declined_card_payment,False,,0.40162672444062075,,4.2665982618927956e-05
multinomial_naive_bayes,challenge,challenge-missing_information-6,needs_review,failed_transfer,False,,0.9928430517645574,,7.895892485976219e-05
multinomial_naive_bayes,challenge,challenge-missing_information-7,needs_review,card_payment_not_recognised,False,,0.5918895578760917,,5.441706161946058e-05
multinomial_naive_bayes,challenge,challenge-multiple_intents-0,needs_review,pending_transfer,False,,0.9804191620361503,,9.475008118897676e-05
multinomial_naive_bayes,challenge,challenge-multiple_intents-1,needs_review,transaction_charged_twice,False,,0.6542208921666051,,0.00015829189214855433
multinomial_naive_bayes,challenge,challenge-multiple_intents-2,needs_review,transaction_charged_twice,False,,0.9657307325532123,,6.358290556818247e-05
multinomial_naive_bayes,challenge,challenge-multiple_intents-3,needs_review,request_refund,False,,0.96573100950653,,7.070903666317463e-05
multinomial_naive_bayes,challenge,challenge-multiple_intents-4,needs_review,declined_card_payment,False,,0.9975458673757608,,7.054198067635298e-05
multinomial_naive_bayes,challenge,challenge-multiple_intents-5,needs_review,transfer_not_received_by_recipient,False,,0.5984353905598879,,7.091707084327936e-05
multinomial_naive_bayes,challenge,challenge-out_of_scope-0,needs_review,request_refund,False,,0.8373171050140207,,3.5207951441407204e-05
multinomial_naive_bayes,challenge,challenge-out_of_scope-1,needs_review,pending_card_payment,False,,0.424106952646031,,3.679189831018448e-05
multinomial_naive_bayes,challenge,challenge-out_of_scope-2,needs_review,request_refund,False,,0.5811314550159578,,3.704207483679056e-05
multinomial_naive_bayes,challenge,challenge-out_of_scope-3,needs_review,request_refund,False,,0.4167770332747274,,4.083302337676287e-05
multinomial_naive_bayes,challenge,challenge-out_of_scope-4,needs_review,card_not_working,False,,0.6467119224401404,,6.387499161064625e-05
multinomial_naive_bayes,challenge,challenge-out_of_scope-5,needs_review,request_refund,False,,0.9764995674291788,,3.562506753951311e-05
multinomial_naive_bayes,challenge,challenge-instruction_in_message-0,virtual_card_not_working,pending_transfer,False,,0.821723808895746,,5.158304702490568e-05
multinomial_naive_bayes,challenge,challenge-instruction_in_message-1,transaction_charged_twice,transaction_charged_twice,True,,0.9999995062020273,,7.912504952400923e-05
multinomial_naive_bayes,challenge,challenge-instruction_in_message-2,Refund_not_showing_up,Refund_not_showing_up,True,,0.9990330940068893,,8.575001265853643e-05
multinomial_naive_bayes,challenge,challenge-instruction_in_message-3,declined_card_payment,declined_card_payment,True,,0.9989858577760931,,4.68340003862977e-05
tfidf_nearest_neighbor,dev,banking77-train-1250,card_not_working,declined_card_payment,False,,,,0.003174541052430868
tfidf_nearest_neighbor,dev,banking77-train-1282,card_not_working,declined_card_payment,False,,,,0.0033601250033825636
tfidf_nearest_neighbor,dev,banking77-train-1348,card_not_working,card_not_working,True,,,,0.0028736249078065157
tfidf_nearest_neighbor,dev,banking77-train-1313,card_not_working,card_not_working,True,,,,0.003181500011123717
tfidf_nearest_neighbor,dev,banking77-train-1354,card_not_working,card_not_working,True,,,,0.00349320808891207
tfidf_nearest_neighbor,dev,banking77-train-1311,card_not_working,card_not_working,True,,,,0.002003708970732987
tfidf_nearest_neighbor,dev,banking77-train-1315,card_not_working,failed_transfer,False,,,,0.008730917004868388
tfidf_nearest_neighbor,dev,banking77-train-1317,card_not_working,card_not_working,True,,,,0.0027108750073239207
tfidf_nearest_neighbor,dev,banking77-train-1295,card_not_working,pending_card_payment,False,,,,0.00145145901478827
tfidf_nearest_neighbor,dev,banking77-train-1289,card_not_working,card_not_working,True,,,,0.00228899996727705
tfidf_nearest_neighbor,dev,banking77-train-1804,contactless_not_working,contactless_not_working,True,,,,0.001503292005509138
tfidf_nearest_neighbor,dev,banking77-train-1816,contactless_not_working,card_not_working,False,,,,0.0035309999948367476
tfidf_nearest_neighbor,dev,banking77-train-1784,contactless_not_working,card_not_working,False,,,,0.0020451669115573168
tfidf_nearest_neighbor,dev,banking77-train-1792,contactless_not_working,declined_card_payment,False,,,,0.0026595420204102993
tfidf_nearest_neighbor,dev,banking77-train-1783,contactless_not_working,declined_card_payment,False,,,,0.003149166004732251
tfidf_nearest_neighbor,dev,banking77-train-1801,contactless_not_working,contactless_not_working,True,,,,0.001818208023905754
tfidf_nearest_neighbor,dev,banking77-train-1794,contactless_not_working,virtual_card_not_working,False,,,,0.0028932919958606362
tfidf_nearest_neighbor,dev,banking77-train-1813,contactless_not_working,declined_card_payment,False,,,,0.004118624958209693
tfidf_nearest_neighbor,dev,banking77-train-1798,contactless_not_working,contactless_not_working,True,,,,0.002978667034767568
tfidf_nearest_neighbor,dev,banking77-train-1805,contactless_not_working,contactless_not_working,True,,,,0.002136041992343962
tfidf_nearest_neighbor,dev,banking77-train-8190,virtual_card_not_working,virtual_card_not_working,True,,,,0.002613082993775606
tfidf_nearest_neighbor,dev,banking77-train-8195,virtual_card_not_working,card_not_working,False,,,,0.0059520830400288105
tfidf_nearest_neighbor,dev,banking77-train-8172,virtual_card_not_working,virtual_card_not_working,True,,,,0.0020675420528277755
tfidf_nearest_neighbor,dev,banking77-train-8183,virtual_card_not_working,card_not_working,False,,,,0.002446332946419716
tfidf_nearest_neighbor,dev,banking77-train-8191,virtual_card_not_working,virtual_card_not_working,True,,,,0.004730499931611121
tfidf_nearest_neighbor,dev,banking77-train-8205,virtual_card_not_working,virtual_card_not_working,True,,,,0.0026982079725712538
tfidf_nearest_neighbor,dev,banking77-train-8192,virtual_card_not_working,virtual_card_not_working,True,,,,0.0033193340059369802
tfidf_nearest_neighbor,dev,banking77-train-8168,virtual_card_not_working,virtual_card_not_working,True,,,,0.002897417056374252
tfidf_nearest_neighbor,dev,banking77-train-8201,virtual_card_not_working,virtual_card_not_working,True,,,,0.004665083019062877
tfidf_nearest_neighbor,dev,banking77-train-8186,virtual_card_not_working,card_not_working,False,,,,0.002143083023838699
tfidf_nearest_neighbor,dev,banking77-train-5975,declined_card_payment,declined_card_payment,True,,,,0.002445459016598761
tfidf_nearest_neighbor,dev,banking77-train-5868,declined_card_payment,declined_card_payment,True,,,,0.004211166989989579
tfidf_nearest_neighbor,dev,banking77-train-5890,declined_card_payment,declined_card_payment,True,,,,0.002307084039784968
tfidf_nearest_neighbor,dev,banking77-train-5889,declined_card_payment,declined_card_payment,True,,,,0.002925249980762601
tfidf_nearest_neighbor,dev,banking77-train-5919,declined_card_payment,virtual_card_not_working,False,,,,0.0066191250225529075
tfidf_nearest_neighbor,dev,banking77-train-5940,declined_card_payment,declined_card_payment,True,,,,0.004949082969687879
tfidf_nearest_neighbor,dev,banking77-train-5891,declined_card_payment,declined_card_payment,True,,,,0.0023552499478682876
tfidf_nearest_neighbor,dev,banking77-train-5918,declined_card_payment,declined_card_payment,True,,,,0.002302124979905784
tfidf_nearest_neighbor,dev,banking77-train-5854,declined_card_payment,declined_card_payment,True,,,,0.004789542057551444
tfidf_nearest_neighbor,dev,banking77-train-5946,declined_card_payment,declined_card_payment,True,,,,0.005061500007286668
tfidf_nearest_neighbor,dev,banking77-train-5240,pending_card_payment,failed_transfer,False,,,,0.0045879160752519965
tfidf_nearest_neighbor,dev,banking77-train-5106,pending_card_payment,pending_card_payment,True,,,,0.006413583061657846
tfidf_nearest_neighbor,dev,banking77-train-5211,pending_card_payment,pending_card_payment,True,,,,0.0022955420427024364
tfidf_nearest_neighbor,dev,banking77-train-5228,pending_card_payment,contactless_not_working,False,,,,0.005614749970845878
tfidf_nearest_neighbor,dev,banking77-train-5100,pending_card_payment,pending_card_payment,True,,,,0.0022805409971624613
tfidf_nearest_neighbor,dev,banking77-train-5218,pending_card_payment,pending_transfer,False,,,,0.002511708065867424
tfidf_nearest_neighbor,dev,banking77-train-5232,pending_card_payment,card_not_working,False,,,,0.005021875025704503
tfidf_nearest_neighbor,dev,banking77-train-5152,pending_card_payment,pending_card_payment,True,,,,0.004335709032602608
tfidf_nearest_neighbor,dev,banking77-train-5231,pending_card_payment,failed_transfer,False,,,,0.0026215839898213744
tfidf_nearest_neighbor,dev,banking77-train-5139,pending_card_payment,pending_transfer,False,,,,0.0015469590434804559
tfidf_nearest_neighbor,dev,banking77-train-3513,card_payment_not_recognised,Refund_not_showing_up,False,,,,0.0036611659452319145
tfidf_nearest_neighbor,dev,banking77-train-3609,card_payment_not_recognised,card_payment_not_recognised,True,,,,0.0018700000364333391
tfidf_nearest_neighbor,dev,banking77-train-3561,card_payment_not_recognised,card_payment_not_recognised,True,,,,0.002712208079174161
tfidf_nearest_neighbor,dev,banking77-train-3530,card_payment_not_recognised,card_payment_not_recognised,True,,,,0.002711292007006705
tfidf_nearest_neighbor,dev,banking77-train-3597,card_payment_not_recognised,card_payment_not_recognised,True,,,,0.004975332994945347
tfidf_nearest_neighbor,dev,banking77-train-3587,card_payment_not_recognised,card_payment_not_recognised,True,,,,0.004004625021480024
tfidf_nearest_neighbor,dev,banking77-train-3606,card_payment_not_recognised,card_payment_not_recognised,True,,,,0.0020571660716086626
tfidf_nearest_neighbor,dev,banking77-train-3534,card_payment_not_recognised,pending_transfer,False,,,,0.002776334062218666
tfidf_nearest_neighbor,dev,banking77-train-3591,card_payment_not_recognised,card_payment_not_recognised,True,,,,0.0055362080456689
tfidf_nearest_neighbor,dev,banking77-train-3645,card_payment_not_recognised,card_payment_not_recognised,True,,,,0.004335624980740249
tfidf_nearest_neighbor,dev,banking77-train-6435,transaction_charged_twice,transaction_charged_twice,True,,,,0.0024597080191597342
tfidf_nearest_neighbor,dev,banking77-train-6307,transaction_charged_twice,pending_transfer,False,,,,0.0022126249969005585
tfidf_nearest_neighbor,dev,banking77-train-6384,transaction_charged_twice,transaction_charged_twice,True,,,,0.002443999983370304
tfidf_nearest_neighbor,dev,banking77-train-6342,transaction_charged_twice,transaction_charged_twice,True,,,,0.00282691593747586
tfidf_nearest_neighbor,dev,banking77-train-6432,transaction_charged_twice,transaction_charged_twice,True,,,,0.0028520410414785147
tfidf_nearest_neighbor,dev,banking77-train-6475,transaction_charged_twice,transaction_charged_twice,True,,,,0.0022696669911965728
tfidf_nearest_neighbor,dev,banking77-train-6403,transaction_charged_twice,transaction_charged_twice,True,,,,0.004645040957257152
tfidf_nearest_neighbor,dev,banking77-train-6359,transaction_charged_twice,transaction_charged_twice,True,,,,0.0020735409343615174
tfidf_nearest_neighbor,dev,banking77-train-6361,transaction_charged_twice,transaction_charged_twice,True,,,,0.00569724990054965
tfidf_nearest_neighbor,dev,banking77-train-6459,transaction_charged_twice,transaction_charged_twice,True,,,,0.010830541024915874
tfidf_nearest_neighbor,dev,banking77-train-5408,request_refund,request_refund,True,,,,0.002031290903687477
tfidf_nearest_neighbor,dev,banking77-train-5508,request_refund,request_refund,True,,,,0.006798915914259851
tfidf_nearest_neighbor,dev,banking77-train-5432,request_refund,request_refund,True,,,,0.002644042018800974
tfidf_nearest_neighbor,dev,banking77-train-5420,request_refund,request_refund,True,,,,0.0020036670612171292
tfidf_nearest_neighbor,dev,banking77-train-5392,request_refund,pending_card_payment,False,,,,0.004182125092484057
tfidf_nearest_neighbor,dev,banking77-train-5422,request_refund,request_refund,True,,,,0.004615624900907278
tfidf_nearest_neighbor,dev,banking77-train-5476,request_refund,request_refund,True,,,,0.006109000067226589
tfidf_nearest_neighbor,dev,banking77-train-5407,request_refund,request_refund,True,,,,0.0025969999842345715
tfidf_nearest_neighbor,dev,banking77-train-5505,request_refund,request_refund,True,,,,0.001748833921737969
tfidf_nearest_neighbor,dev,banking77-train-5385,request_refund,request_refund,True,,,,0.0026265420019626617
tfidf_nearest_neighbor,dev,banking77-train-5739,Refund_not_showing_up,transfer_not_received_by_recipient,False,,,,0.0027611659606918693
tfidf_nearest_neighbor,dev,banking77-train-5824,Refund_not_showing_up,Refund_not_showing_up,True,,,,0.0022495000157505274
tfidf_nearest_neighbor,dev,banking77-train-5762,Refund_not_showing_up,Refund_not_showing_up,True,,,,0.007213208009488881
tfidf_nearest_neighbor,dev,banking77-train-5742,Refund_not_showing_up,Refund_not_showing_up,True,,,,0.0018538340227678418
tfidf_nearest_neighbor,dev,banking77-train-5722,Refund_not_showing_up,Refund_not_showing_up,True,,,,0.002001208020374179
tfidf_nearest_neighbor,dev,banking77-train-5708,Refund_not_showing_up,Refund_not_showing_up,True,,,,0.0018764999695122242
tfidf_nearest_neighbor,dev,banking77-train-5675,Refund_not_showing_up,Refund_not_showing_up,True,,,,0.0018445419846102595
tfidf_nearest_neighbor,dev,banking77-train-5825,Refund_not_showing_up,Refund_not_showing_up,True,,,,0.0038830830017104745
tfidf_nearest_neighbor,dev,banking77-train-5683,Refund_not_showing_up,Refund_not_showing_up,True,,,,0.0020043340045958757
tfidf_nearest_neighbor,dev,banking77-train-5709,Refund_not_showing_up,Refund_not_showing_up,True,,,,0.008065875037573278
tfidf_nearest_neighbor,dev,banking77-train-6072,pending_transfer,pending_transfer,True,,,,0.006082874955609441
tfidf_nearest_neighbor,dev,banking77-train-6055,pending_transfer,pending_card_payment,False,,,,0.0017401659861207008
tfidf_nearest_neighbor,dev,banking77-train-6099,pending_transfer,transfer_not_received_by_recipient,False,,,,0.0031105419620871544
tfidf_nearest_neighbor,dev,banking77-train-6058,pending_transfer,pending_transfer,True,,,,0.007592624984681606
tfidf_nearest_neighbor,dev,banking77-train-6048,pending_transfer,pending_transfer,True,,,,0.0019732919754460454
tfidf_nearest_neighbor,dev,banking77-train-6003,pending_transfer,pending_transfer,True,,,,0.0018594590947031975
tfidf_nearest_neighbor,dev,banking77-train-6073,pending_transfer,card_not_working,False,,,,0.0031145409448072314
tfidf_nearest_neighbor,dev,banking77-train-6082,pending_transfer,pending_transfer,True,,,,0.0024672499857842922
tfidf_nearest_neighbor,dev,banking77-train-6077,pending_transfer,pending_transfer,True,,,,0.002838833024725318
tfidf_nearest_neighbor,dev,banking77-train-6079,pending_transfer,pending_transfer,True,,,,0.0022473749704658985
tfidf_nearest_neighbor,dev,banking77-train-7429,failed_transfer,failed_transfer,True,,,,0.0024797909427434206
tfidf_nearest_neighbor,dev,banking77-train-7448,failed_transfer,failed_transfer,True,,,,0.005593000096268952
tfidf_nearest_neighbor,dev,banking77-train-7480,failed_transfer,failed_transfer,True,,,,0.0018862499855458736
tfidf_nearest_neighbor,dev,banking77-train-7447,failed_transfer,pending_card_payment,False,,,,0.0022635830100625753
tfidf_nearest_neighbor,dev,banking77-train-7481,failed_transfer,failed_transfer,True,,,,0.002588499919511378
tfidf_nearest_neighbor,dev,banking77-train-7518,failed_transfer,failed_transfer,True,,,,0.002768708043731749
tfidf_nearest_neighbor,dev,banking77-train-7436,failed_transfer,failed_transfer,True,,,,0.005436624982394278
tfidf_nearest_neighbor,dev,banking77-train-7428,failed_transfer,failed_transfer,True,,,,0.004633208038285375
tfidf_nearest_neighbor,dev,banking77-train-7497,failed_transfer,failed_transfer,True,,,,0.0028567909030243754
tfidf_nearest_neighbor,dev,banking77-train-7544,failed_transfer,failed_transfer,True,,,,0.007258791942149401
tfidf_nearest_neighbor,dev,banking77-train-2755,transfer_not_received_by_recipient,transfer_not_received_by_recipient,True,,,,0.003429291071370244
tfidf_nearest_neighbor,dev,banking77-train-2786,transfer_not_received_by_recipient,pending_transfer,False,,,,0.006828916957601905
tfidf_nearest_neighbor,dev,banking77-train-2706,transfer_not_received_by_recipient,card_payment_not_recognised,False,,,,0.002677750075235963
tfidf_nearest_neighbor,dev,banking77-train-2802,transfer_not_received_by_recipient,transfer_not_received_by_recipient,True,,,,0.00288604199886322
tfidf_nearest_neighbor,dev,banking77-train-2778,transfer_not_received_by_recipient,transfer_not_received_by_recipient,True,,,,0.005011457949876785
tfidf_nearest_neighbor,dev,banking77-train-2822,transfer_not_received_by_recipient,transfer_not_received_by_recipient,True,,,,0.0021879998967051506
tfidf_nearest_neighbor,dev,banking77-train-2729,transfer_not_received_by_recipient,transfer_not_received_by_recipient,True,,,,0.006171999964863062
tfidf_nearest_neighbor,dev,banking77-train-2852,transfer_not_received_by_recipient,pending_transfer,False,,,,0.004333582939580083
tfidf_nearest_neighbor,dev,banking77-train-2868,transfer_not_received_by_recipient,transfer_not_received_by_recipient,True,,,,0.0064084159675985575
tfidf_nearest_neighbor,dev,banking77-train-2781,transfer_not_received_by_recipient,transfer_not_received_by_recipient,True,,,,0.0036403329577296972
tfidf_nearest_neighbor,test,banking77-test-369,card_not_working,virtual_card_not_working,False,,,,0.0018204170046374202
tfidf_nearest_neighbor,test,banking77-test-368,card_not_working,card_payment_not_recognised,False,,,,0.0023225409677252173
tfidf_nearest_neighbor,test,banking77-test-380,card_not_working,card_not_working,True,,,,0.0021483750315383077
tfidf_nearest_neighbor,test,banking77-test-381,card_not_working,card_not_working,True,,,,0.001478874939493835
tfidf_nearest_neighbor,test,banking77-test-396,card_not_working,Refund_not_showing_up,False,,,,0.0027697919867932796
tfidf_nearest_neighbor,test,banking77-test-378,card_not_working,card_not_working,True,,,,0.0018097918946295977
tfidf_nearest_neighbor,test,banking77-test-394,card_not_working,declined_card_payment,False,,,,0.002295833081007004
tfidf_nearest_neighbor,test,banking77-test-384,card_not_working,card_not_working,True,,,,0.0023565409937873483
tfidf_nearest_neighbor,test,banking77-test-387,card_not_working,card_not_working,True,,,,0.002310417010448873
tfidf_nearest_neighbor,test,banking77-test-363,card_not_working,virtual_card_not_working,False,,,,0.003043415956199169
tfidf_nearest_neighbor,test,banking77-test-397,card_not_working,card_not_working,True,,,,0.0019207079894840717
tfidf_nearest_neighbor,test,banking77-test-393,card_not_working,virtual_card_not_working,False,,,,0.003878624993376434
tfidf_nearest_neighbor,test,banking77-test-364,card_not_working,card_not_working,True,,,,0.001187290996313095
tfidf_nearest_neighbor,test,banking77-test-372,card_not_working,card_not_working,True,,,,0.0022709170589223504
tfidf_nearest_neighbor,test,banking77-test-395,card_not_working,card_not_working,True,,,,0.0032582500716671348
tfidf_nearest_neighbor,test,banking77-test-398,card_not_working,failed_transfer,False,,,,0.003259874996729195
tfidf_nearest_neighbor,test,banking77-test-374,card_not_working,card_not_working,True,,,,0.0020226669730618596
tfidf_nearest_neighbor,test,banking77-test-376,card_not_working,card_not_working,True,,,,0.0020312080159783363
tfidf_nearest_neighbor,test,banking77-test-392,card_not_working,card_not_working,True,,,,0.001296958071179688
tfidf_nearest_neighbor,test,banking77-test-399,card_not_working,card_not_working,True,,,,0.0027307079872116446
tfidf_nearest_neighbor,test,banking77-test-572,contactless_not_working,failed_transfer,False,,,,0.0019105839310213923
tfidf_nearest_neighbor,test,banking77-test-581,contactless_not_working,card_not_working,False,,,,0.00240866607055068
tfidf_nearest_neighbor,test,banking77-test-582,contactless_not_working,declined_card_payment,False,,,,0.0047145410208031535
tfidf_nearest_neighbor,test,banking77-test-584,contactless_not_working,card_not_working,False,,,,0.0050074170576408505
tfidf_nearest_neighbor,test,banking77-test-574,contactless_not_working,card_not_working,False,,,,0.0025228330632671714
tfidf_nearest_neighbor,test,banking77-test-560,contactless_not_working,contactless_not_working,True,,,,0.0021499580470845103
tfidf_nearest_neighbor,test,banking77-test-569,contactless_not_working,declined_card_payment,False,,,,0.004898166982457042
tfidf_nearest_neighbor,test,banking77-test-570,contactless_not_working,card_not_working,False,,,,0.005184208042919636
tfidf_nearest_neighbor,test,banking77-test-579,contactless_not_working,contactless_not_working,True,,,,0.0023402089718729258
tfidf_nearest_neighbor,test,banking77-test-568,contactless_not_working,contactless_not_working,True,,,,0.0021458750125020742
tfidf_nearest_neighbor,test,banking77-test-578,contactless_not_working,card_not_working,False,,,,0.0017842090455815196
tfidf_nearest_neighbor,test,banking77-test-594,contactless_not_working,contactless_not_working,True,,,,0.0029565420700237155
tfidf_nearest_neighbor,test,banking77-test-567,contactless_not_working,declined_card_payment,False,,,,0.0026507499860599637
tfidf_nearest_neighbor,test,banking77-test-576,contactless_not_working,contactless_not_working,True,,,,0.0012482920428737998
tfidf_nearest_neighbor,test,banking77-test-563,contactless_not_working,card_not_working,False,,,,0.006219125003553927
tfidf_nearest_neighbor,test,banking77-test-598,contactless_not_working,failed_transfer,False,,,,0.0025037500308826566
tfidf_nearest_neighbor,test,banking77-test-575,contactless_not_working,card_not_working,False,,,,0.002684334060177207
tfidf_nearest_neighbor,test,banking77-test-588,contactless_not_working,card_not_working,False,,,,0.0021707919659093022
tfidf_nearest_neighbor,test,banking77-test-595,contactless_not_working,contactless_not_working,True,,,,0.0018495420226827264
tfidf_nearest_neighbor,test,banking77-test-566,contactless_not_working,card_not_working,False,,,,0.005558917066082358
tfidf_nearest_neighbor,test,banking77-test-2530,virtual_card_not_working,virtual_card_not_working,True,,,,0.0021432091016322374
tfidf_nearest_neighbor,test,banking77-test-2541,virtual_card_not_working,virtual_card_not_working,True,,,,0.0031116249738261104
tfidf_nearest_neighbor,test,banking77-test-2542,virtual_card_not_working,virtual_card_not_working,True,,,,0.0029796670423820615
tfidf_nearest_neighbor,test,banking77-test-2543,virtual_card_not_working,virtual_card_not_working,True,,,,0.003020334057509899
tfidf_nearest_neighbor,test,banking77-test-2556,virtual_card_not_working,virtual_card_not_working,True,,,,0.002842250047251582
tfidf_nearest_neighbor,test,banking77-test-2546,virtual_card_not_working,virtual_card_not_working,True,,,,0.002479083021171391
tfidf_nearest_neighbor,test,banking77-test-2550,virtual_card_not_working,card_not_working,False,,,,0.0029986670706421137
tfidf_nearest_neighbor,test,banking77-test-2538,virtual_card_not_working,pending_card_payment,False,,,,0.00403091695625335
tfidf_nearest_neighbor,test,banking77-test-2525,virtual_card_not_working,virtual_card_not_working,True,,,,0.002366625005379319
tfidf_nearest_neighbor,test,banking77-test-2551,virtual_card_not_working,virtual_card_not_working,True,,,,0.00360045803245157
tfidf_nearest_neighbor,test,banking77-test-2528,virtual_card_not_working,declined_card_payment,False,,,,0.004868292016908526
tfidf_nearest_neighbor,test,banking77-test-2553,virtual_card_not_working,virtual_card_not_working,True,,,,0.0030472499784082174
tfidf_nearest_neighbor,test,banking77-test-2554,virtual_card_not_working,virtual_card_not_working,True,,,,0.0020633749663829803
tfidf_nearest_neighbor,test,banking77-test-2548,virtual_card_not_working,virtual_card_not_working,True,,,,0.004101458005607128
tfidf_nearest_neighbor,test,banking77-test-2540,virtual_card_not_working,virtual_card_not_working,True,,,,0.0028945000376552343
tfidf_nearest_neighbor,test,banking77-test-2526,virtual_card_not_working,virtual_card_not_working,True,,,,0.0037821250734850764
tfidf_nearest_neighbor,test,banking77-test-2549,virtual_card_not_working,virtual_card_not_working,True,,,,0.002240541041828692
tfidf_nearest_neighbor,test,banking77-test-2559,virtual_card_not_working,card_not_working,False,,,,0.002251208992674947
tfidf_nearest_neighbor,test,banking77-test-2555,virtual_card_not_working,virtual_card_not_working,True,,,,0.003122542053461075
tfidf_nearest_neighbor,test,banking77-test-2537,virtual_card_not_working,virtual_card_not_working,True,,,,0.0030322920065373182
tfidf_nearest_neighbor,test,banking77-test-1829,declined_card_payment,declined_card_payment,True,,,,0.002813208964653313
tfidf_nearest_neighbor,test,banking77-test-1821,declined_card_payment,declined_card_payment,True,,,,0.0020087079610675573
tfidf_nearest_neighbor,test,banking77-test-1830,declined_card_payment,declined_card_payment,True,,,,0.0017517920350655913
tfidf_nearest_neighbor,test,banking77-test-1825,declined_card_payment,declined_card_payment,True,,,,0.002712207962758839
tfidf_nearest_neighbor,test,banking77-test-1831,declined_card_payment,declined_card_payment,True,,,,0.0016757081029936671
tfidf_nearest_neighbor,test,banking77-test-1822,declined_card_payment,declined_card_payment,True,,,,0.002911625080741942
tfidf_nearest_neighbor,test,banking77-test-1828,declined_card_payment,declined_card_payment,True,,,,0.004932124982587993
tfidf_nearest_neighbor,test,banking77-test-1836,declined_card_payment,declined_card_payment,True,,,,0.0012385420268401504
tfidf_nearest_neighbor,test,banking77-test-1819,declined_card_payment,declined_card_payment,True,,,,0.0024852079804986715
tfidf_nearest_neighbor,test,banking77-test-1811,declined_card_payment,declined_card_payment,True,,,,0.005314458976499736
tfidf_nearest_neighbor,test,banking77-test-1839,declined_card_payment,declined_card_payment,True,,,,0.0056839160388335586
tfidf_nearest_neighbor,test,banking77-test-1809,declined_card_payment,declined_card_payment,True,,,,0.007181499968282878
tfidf_nearest_neighbor,test,banking77-test-1817,declined_card_payment,declined_card_payment,True,,,,0.002934333053417504
tfidf_nearest_neighbor,test,banking77-test-1832,declined_card_payment,declined_card_payment,True,,,,0.002278457977809012
tfidf_nearest_neighbor,test,banking77-test-1814,declined_card_payment,declined_card_payment,True,,,,0.002278250060044229
tfidf_nearest_neighbor,test,banking77-test-1815,declined_card_payment,declined_card_payment,True,,,,0.004533458035439253
tfidf_nearest_neighbor,test,banking77-test-1826,declined_card_payment,declined_card_payment,True,,,,0.004376042052172124
tfidf_nearest_neighbor,test,banking77-test-1820,declined_card_payment,declined_card_payment,True,,,,0.0029724999330937862
tfidf_nearest_neighbor,test,banking77-test-1806,declined_card_payment,declined_card_payment,True,,,,0.002055666991509497
tfidf_nearest_neighbor,test,banking77-test-1810,declined_card_payment,declined_card_payment,True,,,,0.0026084159035235643
tfidf_nearest_neighbor,test,banking77-test-1634,pending_card_payment,request_refund,False,,,,0.0024213329888880253
tfidf_nearest_neighbor,test,banking77-test-1632,pending_card_payment,transfer_not_received_by_recipient,False,,,,0.0061061669839546084
tfidf_nearest_neighbor,test,banking77-test-1603,pending_card_payment,card_not_working,False,,,,0.0018859580159187317
tfidf_nearest_neighbor,test,banking77-test-1613,pending_card_payment,pending_card_payment,True,,,,0.0030999999726191163
tfidf_nearest_neighbor,test,banking77-test-1623,pending_card_payment,pending_card_payment,True,,,,0.0013480839552357793
tfidf_nearest_neighbor,test,banking77-test-1617,pending_card_payment,pending_card_payment,True,,,,0.0037016249261796474
tfidf_nearest_neighbor,test,banking77-test-1609,pending_card_payment,transfer_not_received_by_recipient,False,,,,0.0024209580151364207
tfidf_nearest_neighbor,test,banking77-test-1610,pending_card_payment,pending_card_payment,True,,,,0.00735062500461936
tfidf_nearest_neighbor,test,banking77-test-1604,pending_card_payment,pending_card_payment,True,,,,0.002662917017005384
tfidf_nearest_neighbor,test,banking77-test-1608,pending_card_payment,pending_card_payment,True,,,,0.0022667499724775553
tfidf_nearest_neighbor,test,banking77-test-1601,pending_card_payment,pending_card_payment,True,,,,0.002258624997921288
tfidf_nearest_neighbor,test,banking77-test-1630,pending_card_payment,pending_card_payment,True,,,,0.002129708998836577
tfidf_nearest_neighbor,test,banking77-test-1635,pending_card_payment,pending_card_payment,True,,,,0.0062828329391777515
tfidf_nearest_neighbor,test,banking77-test-1600,pending_card_payment,pending_card_payment,True,,,,0.0029682499589398503
tfidf_nearest_neighbor,test,banking77-test-1624,pending_card_payment,pending_transfer,False,,,,0.0024172080447897315
tfidf_nearest_neighbor,test,banking77-test-1616,pending_card_payment,pending_card_payment,True,,,,0.0018020420102402568
tfidf_nearest_neighbor,test,banking77-test-1611,pending_card_payment,declined_card_payment,False,,,,0.0028535000747069716
tfidf_nearest_neighbor,test,banking77-test-1605,pending_card_payment,failed_transfer,False,,,,0.0023861670633777976
tfidf_nearest_neighbor,test,banking77-test-1637,pending_card_payment,pending_card_payment,True,,,,0.007039290969260037
tfidf_nearest_neighbor,test,banking77-test-1621,pending_card_payment,pending_card_payment,True,,,,0.004130000015720725
tfidf_nearest_neighbor,test,banking77-test-1103,card_payment_not_recognised,card_not_working,False,,,,0.007148458040319383
tfidf_nearest_neighbor,test,banking77-test-1114,card_payment_not_recognised,card_payment_not_recognised,True,,,,0.0036502500297501683
tfidf_nearest_neighbor,test,banking77-test-1084,card_payment_not_recognised,card_payment_not_recognised,True,,,,0.0023095000069588423
tfidf_nearest_neighbor,test,banking77-test-1087,card_payment_not_recognised,card_payment_not_recognised,True,,,,0.0016973749734461308
tfidf_nearest_neighbor,test,banking77-test-1081,card_payment_not_recognised,card_payment_not_recognised,True,,,,0.0036498750559985638
tfidf_nearest_neighbor,test,banking77-test-1095,card_payment_not_recognised,card_payment_not_recognised,True,,,,0.0023604169255122542
tfidf_nearest_neighbor,test,banking77-test-1118,card_payment_not_recognised,card_payment_not_recognised,True,,,,0.0035663750022649765
tfidf_nearest_neighbor,test,banking77-test-1090,card_payment_not_recognised,card_payment_not_recognised,True,,,,0.0090485829859972
tfidf_nearest_neighbor,test,banking77-test-1116,card_payment_not_recognised,card_payment_not_recognised,True,,,,0.004069208982400596
tfidf_nearest_neighbor,test,banking77-test-1097,card_payment_not_recognised,card_payment_not_recognised,True,,,,0.002789707970805466
tfidf_nearest_neighbor,test,banking77-test-1099,card_payment_not_recognised,card_payment_not_recognised,True,,,,0.0019808749202638865
tfidf_nearest_neighbor,test,banking77-test-1085,card_payment_not_recognised,card_payment_not_recognised,True,,,,0.0024952079402282834
tfidf_nearest_neighbor,test,banking77-test-1086,card_payment_not_recognised,card_payment_not_recognised,True,,,,0.003701249952428043
tfidf_nearest_neighbor,test,banking77-test-1082,card_payment_not_recognised,card_payment_not_recognised,True,,,,0.0024649169063195586
tfidf_nearest_neighbor,test,banking77-test-1115,card_payment_not_recognised,card_payment_not_recognised,True,,,,0.0034858749713748693
tfidf_nearest_neighbor,test,banking77-test-1108,card_payment_not_recognised,card_payment_not_recognised,True,,,,0.0031092920107766986
tfidf_nearest_neighbor,test,banking77-test-1100,card_payment_not_recognised,card_payment_not_recognised,True,,,,0.006121500045992434
tfidf_nearest_neighbor,test,banking77-test-1113,card_payment_not_recognised,card_payment_not_recognised,True,,,,0.009034959017299116
tfidf_nearest_neighbor,test,banking77-test-1094,card_payment_not_recognised,card_payment_not_recognised,True,,,,0.0024779170053079724
tfidf_nearest_neighbor,test,banking77-test-1083,card_payment_not_recognised,card_payment_not_recognised,True,,,,0.0035766660002991557
tfidf_nearest_neighbor,test,banking77-test-1995,transaction_charged_twice,transaction_charged_twice,True,,,,0.007892458001151681
tfidf_nearest_neighbor,test,banking77-test-1992,transaction_charged_twice,transaction_charged_twice,True,,,,0.0026004579849541187
tfidf_nearest_neighbor,test,banking77-test-1977,transaction_charged_twice,transaction_charged_twice,True,,,,0.0023318330058827996
tfidf_nearest_neighbor,test,banking77-test-1991,transaction_charged_twice,transaction_charged_twice,True,,,,0.001534292008727789
tfidf_nearest_neighbor,test,banking77-test-1982,transaction_charged_twice,transaction_charged_twice,True,,,,0.006346707930788398
tfidf_nearest_neighbor,test,banking77-test-1978,transaction_charged_twice,transaction_charged_twice,True,,,,0.004286417039111257
tfidf_nearest_neighbor,test,banking77-test-1989,transaction_charged_twice,transaction_charged_twice,True,,,,0.003093375009484589
tfidf_nearest_neighbor,test,banking77-test-1998,transaction_charged_twice,transaction_charged_twice,True,,,,0.0030472499784082174
tfidf_nearest_neighbor,test,banking77-test-1984,transaction_charged_twice,transaction_charged_twice,True,,,,0.006159332930110395
tfidf_nearest_neighbor,test,banking77-test-1963,transaction_charged_twice,request_refund,False,,,,0.00467891595326364
tfidf_nearest_neighbor,test,banking77-test-1965,transaction_charged_twice,transaction_charged_twice,True,,,,0.0025258330861106515
tfidf_nearest_neighbor,test,banking77-test-1967,transaction_charged_twice,transaction_charged_twice,True,,,,0.005246500018984079
tfidf_nearest_neighbor,test,banking77-test-1990,transaction_charged_twice,transaction_charged_twice,True,,,,0.00363537494558841
tfidf_nearest_neighbor,test,banking77-test-1993,transaction_charged_twice,transaction_charged_twice,True,,,,0.012762625003233552
tfidf_nearest_neighbor,test,banking77-test-1983,transaction_charged_twice,transaction_charged_twice,True,,,,0.004373375093564391
tfidf_nearest_neighbor,test,banking77-test-1996,transaction_charged_twice,transaction_charged_twice,True,,,,0.0038384998915717006
tfidf_nearest_neighbor,test,banking77-test-1985,transaction_charged_twice,transaction_charged_twice,True,,,,0.002494791056960821
tfidf_nearest_neighbor,test,banking77-test-1981,transaction_charged_twice,transaction_charged_twice,True,,,,0.0020962919807061553
tfidf_nearest_neighbor,test,banking77-test-1980,transaction_charged_twice,transaction_charged_twice,True,,,,0.006460042088292539
tfidf_nearest_neighbor,test,banking77-test-1964,transaction_charged_twice,card_payment_not_recognised,False,,,,0.0020234589464962482
tfidf_nearest_neighbor,test,banking77-test-1718,request_refund,request_refund,True,,,,0.0022707500029355288
tfidf_nearest_neighbor,test,banking77-test-1716,request_refund,request_refund,True,,,,0.0023550830082967877
tfidf_nearest_neighbor,test,banking77-test-1717,request_refund,request_refund,True,,,,0.0027812080224975944
tfidf_nearest_neighbor,test,banking77-test-1707,request_refund,request_refund,True,,,,0.00410012505017221
tfidf_nearest_neighbor,test,banking77-test-1701,request_refund,request_refund,True,,,,0.0018131249817088246
tfidf_nearest_neighbor,test,banking77-test-1682,request_refund,request_refund,True,,,,0.001380082918331027
tfidf_nearest_neighbor,test,banking77-test-1692,request_refund,request_refund,True,,,,0.005544624989852309
tfidf_nearest_neighbor,test,banking77-test-1693,request_refund,request_refund,True,,,,0.0021574590355157852
tfidf_nearest_neighbor,test,banking77-test-1699,request_refund,request_refund,True,,,,0.003939958056434989
tfidf_nearest_neighbor,test,banking77-test-1712,request_refund,request_refund,True,,,,0.00820337503682822
tfidf_nearest_neighbor,test,banking77-test-1711,request_refund,request_refund,True,,,,0.002675832947716117
tfidf_nearest_neighbor,test,banking77-test-1704,request_refund,request_refund,True,,,,0.0017985410522669554
tfidf_nearest_neighbor,test,banking77-test-1681,request_refund,request_refund,True,,,,0.0031822919845581055
tfidf_nearest_neighbor,test,banking77-test-1703,request_refund,request_refund,True,,,,0.0032204579329118133
tfidf_nearest_neighbor,test,banking77-test-1708,request_refund,request_refund,True,,,,0.003908082959242165
tfidf_nearest_neighbor,test,banking77-test-1705,request_refund,request_refund,True,,,,0.00960862496867776
tfidf_nearest_neighbor,test,banking77-test-1696,request_refund,request_refund,True,,,,0.0029231669614091516
tfidf_nearest_neighbor,test,banking77-test-1694,request_refund,request_refund,True,,,,0.0020770409610122442
tfidf_nearest_neighbor,test,banking77-test-1713,request_refund,request_refund,True,,,,0.0038563329726457596
tfidf_nearest_neighbor,test,banking77-test-1689,request_refund,request_refund,True,,,,0.004034625017084181
tfidf_nearest_neighbor,test,banking77-test-1781,Refund_not_showing_up,Refund_not_showing_up,True,,,,0.002646500011906028
tfidf_nearest_neighbor,test,banking77-test-1763,Refund_not_showing_up,Refund_not_showing_up,True,,,,0.005247042048722506
tfidf_nearest_neighbor,test,banking77-test-1779,Refund_not_showing_up,Refund_not_showing_up,True,,,,0.005080832983367145
tfidf_nearest_neighbor,test,banking77-test-1791,Refund_not_showing_up,Refund_not_showing_up,True,,,,0.003324083983898163
tfidf_nearest_neighbor,test,banking77-test-1765,Refund_not_showing_up,Refund_not_showing_up,True,,,,0.008532124920748174
tfidf_nearest_neighbor,test,banking77-test-1788,Refund_not_showing_up,Refund_not_showing_up,True,,,,0.0027003330178558826
tfidf_nearest_neighbor,test,banking77-test-1771,Refund_not_showing_up,Refund_not_showing_up,True,,,,0.002384499995969236
tfidf_nearest_neighbor,test,banking77-test-1777,Refund_not_showing_up,Refund_not_showing_up,True,,,,0.0029248340288177133
tfidf_nearest_neighbor,test,banking77-test-1795,Refund_not_showing_up,Refund_not_showing_up,True,,,,0.006561707938089967
tfidf_nearest_neighbor,test,banking77-test-1775,Refund_not_showing_up,transfer_not_received_by_recipient,False,,,,0.0044038749765604734
tfidf_nearest_neighbor,test,banking77-test-1760,Refund_not_showing_up,Refund_not_showing_up,True,,,,0.002749916980974376
tfidf_nearest_neighbor,test,banking77-test-1773,Refund_not_showing_up,Refund_not_showing_up,True,,,,0.0023875420447438955
tfidf_nearest_neighbor,test,banking77-test-1797,Refund_not_showing_up,Refund_not_showing_up,True,,,,0.010560665978118777
tfidf_nearest_neighbor,test,banking77-test-1785,Refund_not_showing_up,Refund_not_showing_up,True,,,,0.0029103750130161643
tfidf_nearest_neighbor,test,banking77-test-1761,Refund_not_showing_up,Refund_not_showing_up,True,,,,0.0019866250222548842
tfidf_nearest_neighbor,test,banking77-test-1766,Refund_not_showing_up,Refund_not_showing_up,True,,,,0.0015066249761730433
tfidf_nearest_neighbor,test,banking77-test-1764,Refund_not_showing_up,Refund_not_showing_up,True,,,,0.002477874979376793
tfidf_nearest_neighbor,test,banking77-test-1784,Refund_not_showing_up,transfer_not_received_by_recipient,False,,,,0.003362082992680371
tfidf_nearest_neighbor,test,banking77-test-1774,Refund_not_showing_up,Refund_not_showing_up,True,,,,0.006464584032073617
tfidf_nearest_neighbor,test,banking77-test-1799,Refund_not_showing_up,Refund_not_showing_up,True,,,,0.003921750001609325
tfidf_nearest_neighbor,test,banking77-test-1869,pending_transfer,pending_card_payment,False,,,,0.003665875061415136
tfidf_nearest_neighbor,test,banking77-test-1858,pending_transfer,pending_card_payment,False,,,,0.0025945419911295176
tfidf_nearest_neighbor,test,banking77-test-1870,pending_transfer,pending_transfer,True,,,,0.001916915993206203
tfidf_nearest_neighbor,test,banking77-test-1853,pending_transfer,pending_transfer,True,,,,0.005789666902273893
tfidf_nearest_neighbor,test,banking77-test-1876,pending_transfer,pending_transfer,True,,,,0.003103916998952627
tfidf_nearest_neighbor,test,banking77-test-1856,pending_transfer,pending_transfer,True,,,,0.003001832985319197
tfidf_nearest_neighbor,test,banking77-test-1872,pending_transfer,pending_transfer,True,,,,0.003269375069066882
tfidf_nearest_neighbor,test,banking77-test-1860,pending_transfer,failed_transfer,False,,,,0.0026437080232426524
tfidf_nearest_neighbor,test,banking77-test-1844,pending_transfer,pending_transfer,True,,,,0.003138417028822005
tfidf_nearest_neighbor,test,banking77-test-1873,pending_transfer,pending_transfer,True,,,,0.007002375088632107
tfidf_nearest_neighbor,test,banking77-test-1852,pending_transfer,pending_transfer,True,,,,0.002471541054546833
tfidf_nearest_neighbor,test,banking77-test-1868,pending_transfer,pending_transfer,True,,,,0.0028797080740332603
tfidf_nearest_neighbor,test,banking77-test-1875,pending_transfer,pending_transfer,True,,,,0.004101459053345025
tfidf_nearest_neighbor,test,banking77-test-1857,pending_transfer,pending_transfer,True,,,,0.0016004589851945639
tfidf_nearest_neighbor,test,banking77-test-1854,pending_transfer,pending_transfer,True,,,,0.004272749996744096
tfidf_nearest_neighbor,test,banking77-test-1842,pending_transfer,pending_transfer,True,,,,0.0022370420629158616
tfidf_nearest_neighbor,test,banking77-test-1849,pending_transfer,pending_transfer,True,,,,0.006746000028215349
tfidf_nearest_neighbor,test,banking77-test-1879,pending_transfer,pending_transfer,True,,,,0.003672999911941588
tfidf_nearest_neighbor,test,banking77-test-1848,pending_transfer,pending_transfer,True,,,,0.00280587503220886
tfidf_nearest_neighbor,test,banking77-test-1845,pending_transfer,pending_transfer,True,,,,0.002251334022730589
tfidf_nearest_neighbor,test,banking77-test-2284,failed_transfer,failed_transfer,True,,,,0.0021285408874973655
tfidf_nearest_neighbor,test,banking77-test-2303,failed_transfer,failed_transfer,True,,,,0.0031183329410851
tfidf_nearest_neighbor,test,banking77-test-2297,failed_transfer,failed_transfer,True,,,,0.005109582911245525
tfidf_nearest_neighbor,test,banking77-test-2283,failed_transfer,failed_transfer,True,,,,0.0038209169870242476
tfidf_nearest_neighbor,test,banking77-test-2298,failed_transfer,failed_transfer,True,,,,0.007139791967347264
tfidf_nearest_neighbor,test,banking77-test-2312,failed_transfer,failed_transfer,True,,,,0.006182666984386742
tfidf_nearest_neighbor,test,banking77-test-2310,failed_transfer,failed_transfer,True,,,,0.004455749993212521
tfidf_nearest_neighbor,test,banking77-test-2314,failed_transfer,failed_transfer,True,,,,0.0026616669492796063
tfidf_nearest_neighbor,test,banking77-test-2288,failed_transfer,failed_transfer,True,,,,0.002295500016771257
tfidf_nearest_neighbor,test,banking77-test-2316,failed_transfer,failed_transfer,True,,,,0.00272583297919482
tfidf_nearest_neighbor,test,banking77-test-2290,failed_transfer,declined_card_payment,False,,,,0.003508333000354469
tfidf_nearest_neighbor,test,banking77-test-2289,failed_transfer,declined_card_payment,False,,,,0.0022267920430749655
tfidf_nearest_neighbor,test,banking77-test-2294,failed_transfer,failed_transfer,True,,,,0.0018227089894935489
tfidf_nearest_neighbor,test,banking77-test-2305,failed_transfer,transfer_not_received_by_recipient,False,,,,0.0019022920168936253
tfidf_nearest_neighbor,test,banking77-test-2295,failed_transfer,transfer_not_received_by_recipient,False,,,,0.0023634579265490174
tfidf_nearest_neighbor,test,banking77-test-2304,failed_transfer,pending_transfer,False,,,,0.0017491249600425363
tfidf_nearest_neighbor,test,banking77-test-2308,failed_transfer,failed_transfer,True,,,,0.004552165977656841
tfidf_nearest_neighbor,test,banking77-test-2280,failed_transfer,failed_transfer,True,,,,0.0015348329907283187
tfidf_nearest_neighbor,test,banking77-test-2306,failed_transfer,failed_transfer,True,,,,0.008992542047053576
tfidf_nearest_neighbor,test,banking77-test-2307,failed_transfer,failed_transfer,True,,,,0.0015068750362843275
tfidf_nearest_neighbor,test,banking77-test-857,transfer_not_received_by_recipient,failed_transfer,False,,,,0.003627291996963322
tfidf_nearest_neighbor,test,banking77-test-879,transfer_not_received_by_recipient,transfer_not_received_by_recipient,True,,,,0.002576166996732354
tfidf_nearest_neighbor,test,banking77-test-866,transfer_not_received_by_recipient,transfer_not_received_by_recipient,True,,,,0.0024431670317426324
tfidf_nearest_neighbor,test,banking77-test-842,transfer_not_received_by_recipient,Refund_not_showing_up,False,,,,0.0030082500306889415
tfidf_nearest_neighbor,test,banking77-test-850,transfer_not_received_by_recipient,transfer_not_received_by_recipient,True,,,,0.002098832977935672
tfidf_nearest_neighbor,test,banking77-test-870,transfer_not_received_by_recipient,transfer_not_received_by_recipient,True,,,,0.0026948750019073486
tfidf_nearest_neighbor,test,banking77-test-877,transfer_not_received_by_recipient,transfer_not_received_by_recipient,True,,,,0.002363584004342556
tfidf_nearest_neighbor,test,banking77-test-871,transfer_not_received_by_recipient,transfer_not_received_by_recipient,True,,,,0.00647595792543143
tfidf_nearest_neighbor,test,banking77-test-868,transfer_not_received_by_recipient,Refund_not_showing_up,False,,,,0.003226500004529953
tfidf_nearest_neighbor,test,banking77-test-862,transfer_not_received_by_recipient,transfer_not_received_by_recipient,True,,,,0.009075916954316199
tfidf_nearest_neighbor,test,banking77-test-874,transfer_not_received_by_recipient,transfer_not_received_by_recipient,True,,,,0.005617542075924575
tfidf_nearest_neighbor,test,banking77-test-861,transfer_not_received_by_recipient,transfer_not_received_by_recipient,True,,,,0.008648374932818115
tfidf_nearest_neighbor,test,banking77-test-859,transfer_not_received_by_recipient,transfer_not_received_by_recipient,True,,,,0.0023849159479141235
tfidf_nearest_neighbor,test,banking77-test-851,transfer_not_received_by_recipient,failed_transfer,False,,,,0.0017686249921098351
tfidf_nearest_neighbor,test,banking77-test-847,transfer_not_received_by_recipient,transfer_not_received_by_recipient,True,,,,0.004103375016711652
tfidf_nearest_neighbor,test,banking77-test-875,transfer_not_received_by_recipient,transfer_not_received_by_recipient,True,,,,0.007127624936401844
tfidf_nearest_neighbor,test,banking77-test-872,transfer_not_received_by_recipient,transfer_not_received_by_recipient,True,,,,0.003266290994361043
tfidf_nearest_neighbor,test,banking77-test-849,transfer_not_received_by_recipient,pending_transfer,False,,,,0.001817458076402545
tfidf_nearest_neighbor,test,banking77-test-876,transfer_not_received_by_recipient,pending_transfer,False,,,,0.001987084047868848
tfidf_nearest_neighbor,test,banking77-test-848,transfer_not_received_by_recipient,transfer_not_received_by_recipient,True,,,,0.002128791995346546
tfidf_nearest_neighbor,challenge,challenge-clear-0,contactless_not_working,card_not_working,False,,,,0.002254916005767882
tfidf_nearest_neighbor,challenge,challenge-clear-1,virtual_card_not_working,card_not_working,False,,,,0.0025906660594046116
tfidf_nearest_neighbor,challenge,challenge-clear-2,declined_card_payment,declined_card_payment,True,,,,0.0017621669685468078
tfidf_nearest_neighbor,challenge,challenge-clear-3,transaction_charged_twice,transaction_charged_twice,True,,,,0.002612499985843897
tfidf_nearest_neighbor,challenge,challenge-clear-4,request_refund,transaction_charged_twice,False,,,,0.002795542008243501
tfidf_nearest_neighbor,challenge,challenge-clear-5,Refund_not_showing_up,Refund_not_showing_up,True,,,,0.0033678750041872263
tfidf_nearest_neighbor,challenge,challenge-clear-6,pending_transfer,pending_transfer,True,,,,0.0020447500282898545
tfidf_nearest_neighbor,challenge,challenge-clear-7,failed_transfer,failed_transfer,True,,,,0.002383833983913064
tfidf_nearest_neighbor,challenge,challenge-clear-8,transfer_not_received_by_recipient,pending_transfer,False,,,,0.002664749976247549
tfidf_nearest_neighbor,challenge,challenge-clear-9,card_payment_not_recognised,card_payment_not_recognised,True,,,,0.00394754100125283
tfidf_nearest_neighbor,challenge,challenge-clear-10,pending_card_payment,pending_transfer,False,,,,0.0025179169606417418
tfidf_nearest_neighbor,challenge,challenge-clear-11,card_not_working,card_not_working,True,,,,0.004089124966412783
tfidf_nearest_neighbor,challenge,challenge-missing_information-0,needs_review,card_payment_not_recognised,False,,,,0.002188083017244935
tfidf_nearest_neighbor,challenge,challenge-missing_information-1,needs_review,transfer_not_received_by_recipient,False,,,,0.001866249949671328
tfidf_nearest_neighbor,challenge,challenge-missing_information-2,needs_review,declined_card_payment,False,,,,0.0021911669755354524
tfidf_nearest_neighbor,challenge,challenge-missing_information-3,needs_review,transfer_not_received_by_recipient,False,,,,0.0017558339750394225
tfidf_nearest_neighbor,challenge,challenge-missing_information-4,needs_review,pending_transfer,False,,,,0.0015935419360175729
tfidf_nearest_neighbor,challenge,challenge-missing_information-5,needs_review,card_not_working,False,,,,0.0025074579752981663
tfidf_nearest_neighbor,challenge,challenge-missing_information-6,needs_review,pending_transfer,False,,,,0.003251874935813248
tfidf_nearest_neighbor,challenge,challenge-missing_information-7,needs_review,transaction_charged_twice,False,,,,0.0022435419959947467
tfidf_nearest_neighbor,challenge,challenge-multiple_intents-0,needs_review,pending_transfer,False,,,,0.0037683749105781317
tfidf_nearest_neighbor,challenge,challenge-multiple_intents-1,needs_review,Refund_not_showing_up,False,,,,0.00343204103410244
tfidf_nearest_neighbor,challenge,challenge-multiple_intents-2,needs_review,transaction_charged_twice,False,,,,0.0023659999715164304
tfidf_nearest_neighbor,challenge,challenge-multiple_intents-3,needs_review,contactless_not_working,False,,,,0.002737749950028956
tfidf_nearest_neighbor,challenge,challenge-multiple_intents-4,needs_review,declined_card_payment,False,,,,0.002877166960388422
tfidf_nearest_neighbor,challenge,challenge-multiple_intents-5,needs_review,transaction_charged_twice,False,,,,0.002847458003088832
tfidf_nearest_neighbor,challenge,challenge-out_of_scope-0,needs_review,card_not_working,False,,,,0.0016787080094218254
tfidf_nearest_neighbor,challenge,challenge-out_of_scope-1,needs_review,request_refund,False,,,,0.001803291030228138
tfidf_nearest_neighbor,challenge,challenge-out_of_scope-2,needs_review,card_not_working,False,,,,0.001689333003014326
tfidf_nearest_neighbor,challenge,challenge-out_of_scope-3,needs_review,request_refund,False,,,,0.0018062919843941927
tfidf_nearest_neighbor,challenge,challenge-out_of_scope-4,needs_review,card_not_working,False,,,,0.002697583055123687
tfidf_nearest_neighbor,challenge,challenge-out_of_scope-5,needs_review,request_refund,False,,,,0.0016833749832585454
tfidf_nearest_neighbor,challenge,challenge-instruction_in_message-0,virtual_card_not_working,virtual_card_not_working,True,,,,0.002056791912764311
tfidf_nearest_neighbor,challenge,challenge-instruction_in_message-1,transaction_charged_twice,transaction_charged_twice,True,,,,0.002474415930919349
tfidf_nearest_neighbor,challenge,challenge-instruction_in_message-2,Refund_not_showing_up,transfer_not_received_by_recipient,False,,,,0.0037005830090492964
tfidf_nearest_neighbor,challenge,challenge-instruction_in_message-3,declined_card_payment,declined_card_payment,True,,,,0.0019541250076144934
jev-1.13.0,dev,banking77-train-1250,card_not_working,card_not_working,True,0.93,0.94,0.59,0.3728014579974115
jev-1.13.0,dev,banking77-train-1282,card_not_working,card_not_working,True,0.72,0.75,0.41,0.6007494590012357
jev-1.13.0,dev,banking77-train-1348,card_not_working,card_not_working,True,0.58,0.61,0.45,0.3701294169295579
jev-1.13.0,dev,banking77-train-1313,card_not_working,card_not_working,True,1.0,1.0,0.86,0.45238641602918506
jev-1.13.0,dev,banking77-train-1354,card_not_working,card_not_working,True,0.8,0.8200000000000001,0.54,0.36816941702272743
jev-1.13.0,dev,banking77-train-1311,card_not_working,needs_review,False,1.0,1.0,0.06,0.37428479199297726
jev-1.13.0,dev,banking77-train-1315,card_not_working,card_not_working,True,0.8,0.82,0.52,0.33645800000522286
jev-1.13.0,dev,banking77-train-1317,card_not_working,needs_review,False,1.0,1.0,0.11,0.47743041696958244
jev-1.13.0,dev,banking77-train-1295,card_not_working,card_not_working,True,0.79,0.81,0.65,0.3138496250612661
jev-1.13.0,dev,banking77-train-1289,card_not_working,card_not_working,True,1.0,1.0,0.94,0.3331250409828499
jev-1.13.0,dev,banking77-train-1804,contactless_not_working,needs_review,False,1.0,1.0,0.09,0.39818662498146296
jev-1.13.0,dev,banking77-train-1816,contactless_not_working,contactless_not_working,True,1.0,1.0,0.93,0.2973688340280205
jev-1.13.0,dev,banking77-train-1784,contactless_not_working,contactless_not_working,True,1.0,1.0,0.95,0.30695233307778835
jev-1.13.0,dev,banking77-train-1792,contactless_not_working,contactless_not_working,True,1.0,1.0,0.93,0.33966312499251217
jev-1.13.0,dev,banking77-train-1783,contactless_not_working,contactless_not_working,True,1.0,1.0,0.94,0.34852658305317163
jev-1.13.0,dev,banking77-train-1801,contactless_not_working,needs_review,False,0.96,0.97,0.1,0.33722387498710304
jev-1.13.0,dev,banking77-train-1794,contactless_not_working,contactless_not_working,True,1.0,1.0,0.96,0.3101648329757154
jev-1.13.0,dev,banking77-train-1813,contactless_not_working,contactless_not_working,True,1.0,1.0,0.94,0.4324666670290753
jev-1.13.0,dev,banking77-train-1798,contactless_not_working,contactless_not_working,True,1.0,1.0,0.95,0.4169756250921637
jev-1.13.0,dev,banking77-train-1805,contactless_not_working,contactless_not_working,True,1.0,1.0,0.95,0.3400858750101179
jev-1.13.0,dev,banking77-train-8190,virtual_card_not_working,virtual_card_not_working,True,1.0,1.0,0.95,0.2857803750084713
jev-1.13.0,dev,banking77-train-8195,virtual_card_not_working,virtual_card_not_working,True,1.0,1.0,0.91,0.29291983298026025
jev-1.13.0,dev,banking77-train-8172,virtual_card_not_working,virtual_card_not_working,True,0.82,0.84,0.42,0.29239808302372694
jev-1.13.0,dev,banking77-train-8183,virtual_card_not_working,virtual_card_not_working,True,1.0,1.0,0.95,0.41160083399154246
jev-1.13.0,dev,banking77-train-8191,virtual_card_not_working,declined_card_payment,False,0.49,0.54,0.61,0.28404149995185435
jev-1.13.0,dev,banking77-train-8205,virtual_card_not_working,virtual_card_not_working,True,1.0,1.0,0.96,0.29757108294870704
jev-1.13.0,dev,banking77-train-8192,virtual_card_not_working,virtual_card_not_working,True,1.0,1.0,0.96,0.28454675001557916
jev-1.13.0,dev,banking77-train-8168,virtual_card_not_working,needs_review,False,0.81,0.83,0.17,0.3166617499664426
jev-1.13.0,dev,banking77-train-8201,virtual_card_not_working,virtual_card_not_working,True,0.67,0.7,0.39,0.4146271669305861
jev-1.13.0,dev,banking77-train-8186,virtual_card_not_working,virtual_card_not_working,True,1.0,1.0,0.94,0.29638662503566593
jev-1.13.0,dev,banking77-train-5975,declined_card_payment,declined_card_payment,True,0.95,0.95,0.34,0.2962703340454027
jev-1.13.0,dev,banking77-train-5868,declined_card_payment,declined_card_payment,True,1.0,1.0,0.94,0.33928645798005164
jev-1.13.0,dev,banking77-train-5890,declined_card_payment,declined_card_payment,True,0.87,0.88,0.3,0.5947676659561694
jev-1.13.0,dev,banking77-train-5889,declined_card_payment,declined_card_payment,True,1.0,1.0,0.88,0.28707066702190787
jev-1.13.0,dev,banking77-train-5919,declined_card_payment,declined_card_payment,True,0.8,0.81,0.46,0.3592751669930294
jev-1.13.0,dev,banking77-train-5940,declined_card_payment,declined_card_payment,True,0.76,0.79,0.32,0.5784607500536367
jev-1.13.0,dev,banking77-train-5891,declined_card_payment,declined_card_payment,True,0.97,0.98,0.49,0.38302141602616757
jev-1.13.0,dev,banking77-train-5918,declined_card_payment,card_not_working,False,0.78,0.81,0.42,0.2967257919954136
jev-1.13.0,dev,banking77-train-5854,declined_card_payment,declined_card_payment,True,1.0,1.0,0.92,0.28876591695006937
jev-1.13.0,dev,banking77-train-5946,declined_card_payment,declined_card_payment,True,1.0,1.0,0.94,0.3207405830034986
jev-1.13.0,dev,banking77-train-5240,pending_card_payment,declined_card_payment,False,0.53,0.5700000000000001,0.31,0.38506650005001575
jev-1.13.0,dev,banking77-train-5106,pending_card_payment,pending_card_payment,True,0.99,0.99,0.78,0.36459066695533693
jev-1.13.0,dev,banking77-train-5211,pending_card_payment,pending_card_payment,True,0.98,0.98,0.71,0.3767952499911189
jev-1.13.0,dev,banking77-train-5228,pending_card_payment,pending_card_payment,True,0.99,0.99,0.82,0.3384770000120625
jev-1.13.0,dev,banking77-train-5100,pending_card_payment,pending_card_payment,True,0.98,0.98,0.68,0.34333499998319894
jev-1.13.0,dev,banking77-train-5218,pending_card_payment,pending_card_payment,True,0.98,0.98,0.44,0.39488683408126235
jev-1.13.0,dev,banking77-train-5232,pending_card_payment,pending_card_payment,True,0.99,0.99,0.87,0.3168333339272067
jev-1.13.0,dev,banking77-train-5152,pending_card_payment,pending_card_payment,True,1.0,1.0,0.93,0.28285720897838473
jev-1.13.0,dev,banking77-train-5231,pending_card_payment,pending_card_payment,True,0.99,0.99,0.75,0.3139160420978442
jev-1.13.0,dev,banking77-train-5139,pending_card_payment,pending_card_payment,True,0.95,0.95,0.38,0.2944477499695495
jev-1.13.0,dev,banking77-train-3513,card_payment_not_recognised,card_payment_not_recognised,True,0.99,1.0,0.87,0.8022330839885399
jev-1.13.0,dev,banking77-train-3609,card_payment_not_recognised,card_payment_not_recognised,True,0.99,0.99,0.79,0.34848499996587634
jev-1.13.0,dev,banking77-train-3561,card_payment_not_recognised,card_payment_not_recognised,True,1.0,1.0,0.86,0.3694047499448061
jev-1.13.0,dev,banking77-train-3530,card_payment_not_recognised,card_payment_not_recognised,True,1.0,1.0,0.89,0.46329758304636925
jev-1.13.0,dev,banking77-train-3597,card_payment_not_recognised,card_payment_not_recognised,True,1.0,1.0,0.91,0.4471202079439536
jev-1.13.0,dev,banking77-train-3587,card_payment_not_recognised,card_payment_not_recognised,True,1.0,1.0,0.89,0.452289207954891
jev-1.13.0,dev,banking77-train-3606,card_payment_not_recognised,card_payment_not_recognised,True,1.0,1.0,0.87,0.35066137509420514
jev-1.13.0,dev,banking77-train-3534,card_payment_not_recognised,needs_review,False,0.98,0.99,0.15,0.38623599999118596
jev-1.13.0,dev,banking77-train-3591,card_payment_not_recognised,card_payment_not_recognised,True,1.0,1.0,0.96,0.7349682920612395
jev-1.13.0,dev,banking77-train-3645,card_payment_not_recognised,card_payment_not_recognised,True,0.99,0.99,0.78,0.6498527079820633
jev-1.13.0,dev,banking77-train-6435,transaction_charged_twice,transaction_charged_twice,True,0.85,0.86,0.54,0.37864183401688933
jev-1.13.0,dev,banking77-train-6307,transaction_charged_twice,transaction_charged_twice,True,1.0,1.0,0.94,0.36443179205525666
jev-1.13.0,dev,banking77-train-6384,transaction_charged_twice,transaction_charged_twice,True,1.0,1.0,0.95,0.3610007499810308
jev-1.13.0,dev,banking77-train-6342,transaction_charged_twice,transaction_charged_twice,True,1.0,1.0,0.94,0.3485329159302637
jev-1.13.0,dev,banking77-train-6432,transaction_charged_twice,transaction_charged_twice,True,1.0,1.0,0.95,0.3440476250834763
jev-1.13.0,dev,banking77-train-6475,transaction_charged_twice,transaction_charged_twice,True,1.0,1.0,0.92,0.3515569579321891
jev-1.13.0,dev,banking77-train-6403,transaction_charged_twice,transaction_charged_twice,True,1.0,1.0,0.93,0.35319983295630664
jev-1.13.0,dev,banking77-train-6359,transaction_charged_twice,transaction_charged_twice,True,1.0,1.0,0.95,0.28348291607107967
jev-1.13.0,dev,banking77-train-6361,transaction_charged_twice,transaction_charged_twice,True,0.95,0.95,0.75,0.39322737499605864
jev-1.13.0,dev,banking77-train-6459,transaction_charged_twice,transaction_charged_twice,True,0.99,1.0,0.54,0.3112448750762269
jev-1.13.0,dev,banking77-train-5408,request_refund,needs_review,False,0.47,0.52,0.28,0.31884774996433407
jev-1.13.0,dev,banking77-train-5508,request_refund,request_refund,True,0.93,0.94,0.76,0.3212454579770565
jev-1.13.0,dev,banking77-train-5432,request_refund,request_refund,True,1.0,1.0,0.92,0.36526337498798966
jev-1.13.0,dev,banking77-train-5420,request_refund,request_refund,True,0.48,0.53,0.27,0.3020018329843879
jev-1.13.0,dev,banking77-train-5392,request_refund,request_refund,True,1.0,1.0,0.9,0.29788970795925707
jev-1.13.0,dev,banking77-train-5422,request_refund,request_refund,True,1.0,1.0,0.92,0.28890500008128583
jev-1.13.0,dev,banking77-train-5476,request_refund,request_refund,True,0.99,0.99,0.87,0.37631016701925546
jev-1.13.0,dev,banking77-train-5407,request_refund,request_refund,True,1.0,1.0,0.92,0.29659204208292067
jev-1.13.0,dev,banking77-train-5505,request_refund,request_refund,True,1.0,1.0,0.94,0.33405354199931026
jev-1.13.0,dev,banking77-train-5385,request_refund,request_refund,True,0.99,0.99,0.94,0.37391225004103035
jev-1.13.0,dev,banking77-train-5739,Refund_not_showing_up,Refund_not_showing_up,True,1.0,1.0,0.95,0.33179279195610434
jev-1.13.0,dev,banking77-train-5824,Refund_not_showing_up,Refund_not_showing_up,True,1.0,1.0,0.93,0.30960691696964204
jev-1.13.0,dev,banking77-train-5762,Refund_not_showing_up,Refund_not_showing_up,True,0.99,1.0,0.87,0.3496329589979723
jev-1.13.0,dev,banking77-train-5742,Refund_not_showing_up,Refund_not_showing_up,True,1.0,1.0,0.94,0.40623966697603464
jev-1.13.0,dev,banking77-train-5722,Refund_not_showing_up,Refund_not_showing_up,True,1.0,1.0,0.94,0.3147505410015583
jev-1.13.0,dev,banking77-train-5708,Refund_not_showing_up,Refund_not_showing_up,True,1.0,1.0,0.89,0.30184358393307775
jev-1.13.0,dev,banking77-train-5675,Refund_not_showing_up,Refund_not_showing_up,True,1.0,1.0,0.86,0.40711179201025516
jev-1.13.0,dev,banking77-train-5825,Refund_not_showing_up,Refund_not_showing_up,True,1.0,1.0,0.94,0.30993754195515066
jev-1.13.0,dev,banking77-train-5683,Refund_not_showing_up,Refund_not_showing_up,True,0.72,0.76,0.42,0.33166287501808256
jev-1.13.0,dev,banking77-train-5709,Refund_not_showing_up,Refund_not_showing_up,True,1.0,1.0,0.9,0.29648912500124425
jev-1.13.0,dev,banking77-train-6072,pending_transfer,needs_review,False,0.38,0.43,0.29,0.3580166670726612
jev-1.13.0,dev,banking77-train-6055,pending_transfer,pending_transfer,True,0.98,0.98,0.85,0.3425410420168191
jev-1.13.0,dev,banking77-train-6099,pending_transfer,pending_transfer,True,1.0,1.0,0.88,0.29396479099523276
jev-1.13.0,dev,banking77-train-6058,pending_transfer,transfer_not_received_by_recipient,False,0.95,0.96,0.77,0.41358570801094174
jev-1.13.0,dev,banking77-train-6048,pending_transfer,pending_transfer,True,1.0,1.0,0.91,0.29683887492865324
jev-1.13.0,dev,banking77-train-6003,pending_transfer,pending_transfer,True,1.0,1.0,0.92,0.3233255000086501
jev-1.13.0,dev,banking77-train-6073,pending_transfer,transfer_not_received_by_recipient,False,0.76,0.78,0.65,0.30307641602121294
jev-1.13.0,dev,banking77-train-6082,pending_transfer,pending_transfer,True,0.36,0.41,0.34,0.3821887910598889
jev-1.13.0,dev,banking77-train-6077,pending_transfer,pending_transfer,True,1.0,1.0,0.91,0.3143694578902796
jev-1.13.0,dev,banking77-train-6079,pending_transfer,pending_transfer,True,1.0,1.0,0.92,0.2982663749717176
jev-1.13.0,dev,banking77-train-7429,failed_transfer,failed_transfer,True,1.0,1.0,0.75,0.5077962090726942
jev-1.13.0,dev,banking77-train-7448,failed_transfer,failed_transfer,True,1.0,1.0,0.77,0.2831492500845343
jev-1.13.0,dev,banking77-train-7480,failed_transfer,declined_card_payment,False,0.92,0.93,0.51,0.4525347910821438
jev-1.13.0,dev,banking77-train-7447,failed_transfer,pending_transfer,False,0.63,0.67,0.28,0.32407345809042454
jev-1.13.0,dev,banking77-train-7481,failed_transfer,failed_transfer,True,1.0,1.0,0.77,0.3122663339599967
jev-1.13.0,dev,banking77-train-7518,failed_transfer,failed_transfer,True,0.92,0.93,0.43,0.38271070807240903
jev-1.13.0,dev,banking77-train-7436,failed_transfer,failed_transfer,True,1.0,1.0,0.73,0.38961162499617785
jev-1.13.0,dev,banking77-train-7428,failed_transfer,failed_transfer,True,0.97,0.98,0.46,0.2823368750978261
jev-1.13.0,dev,banking77-train-7497,failed_transfer,failed_transfer,True,0.65,0.68,0.27,0.3813250419916585
jev-1.13.0,dev,banking77-train-7544,failed_transfer,failed_transfer,True,0.99,0.99,0.6,0.3783897910034284
jev-1.13.0,dev,banking77-train-2755,transfer_not_received_by_recipient,pending_card_payment,False,0.72,0.74,0.28,0.2881978750228882
jev-1.13.0,dev,banking77-train-2786,transfer_not_received_by_recipient,transfer_not_received_by_recipient,True,0.97,0.97,0.69,0.3531175840180367
jev-1.13.0,dev,banking77-train-2706,transfer_not_received_by_recipient,needs_review,False,0.93,0.94,0.14,0.2839871250325814
jev-1.13.0,dev,banking77-train-2802,transfer_not_received_by_recipient,transfer_not_received_by_recipient,True,0.99,0.98,0.61,0.40813925000838935
jev-1.13.0,dev,banking77-train-2778,transfer_not_received_by_recipient,transfer_not_received_by_recipient,True,1.0,1.0,0.77,0.34163004194851965
jev-1.13.0,dev,banking77-train-2822,transfer_not_received_by_recipient,transfer_not_received_by_recipient,True,1.0,1.0,0.82,0.30955633393023163
jev-1.13.0,dev,banking77-train-2729,transfer_not_received_by_recipient,transfer_not_received_by_recipient,True,0.98,0.99,0.86,0.30116533394902945
jev-1.13.0,dev,banking77-train-2852,transfer_not_received_by_recipient,pending_transfer,False,0.99,1.0,0.75,0.32337724999524653
jev-1.13.0,dev,banking77-train-2868,transfer_not_received_by_recipient,pending_transfer,False,0.66,0.7,0.46,0.28657887503504753
jev-1.13.0,dev,banking77-train-2781,transfer_not_received_by_recipient,transfer_not_received_by_recipient,True,0.93,0.94,0.7,0.3568995000096038
jev-1.13.0,test,banking77-test-369,card_not_working,card_not_working,True,0.81,0.83,0.56,0.29486862500198185
jev-1.13.0,test,banking77-test-368,card_not_working,card_not_working,True,0.48,0.53,0.5,0.2889878749847412
jev-1.13.0,test,banking77-test-380,card_not_working,card_not_working,True,0.98,0.99,0.8,0.3323579169809818
jev-1.13.0,test,banking77-test-381,card_not_working,card_not_working,True,0.76,0.78,0.48,0.29606791702099144
jev-1.13.0,test,banking77-test-396,card_not_working,card_not_working,True,0.51,0.56,0.45,0.3803601670078933
jev-1.13.0,test,banking77-test-378,card_not_working,card_not_working,True,0.83,0.85,0.59,0.31155254202894866
jev-1.13.0,test,banking77-test-394,card_not_working,card_not_working,True,0.84,0.86,0.58,0.2969706660369411
jev-1.13.0,test,banking77-test-384,card_not_working,card_not_working,True,0.94,0.95,0.69,0.7719687500502914
jev-1.13.0,test,banking77-test-387,card_not_working,card_not_working,True,0.71,0.74,0.43,0.533599374932237
jev-1.13.0,test,banking77-test-363,card_not_working,card_not_working,True,0.71,0.73,0.47,0.4108534579863772
jev-1.13.0,test,banking77-test-397,card_not_working,declined_card_payment,False,0.56,0.6,0.31,0.28265133302193135
jev-1.13.0,test,banking77-test-393,card_not_working,card_not_working,True,0.88,0.89,0.49,0.3146407080348581
jev-1.13.0,test,banking77-test-364,card_not_working,card_not_working,True,0.97,0.98,0.78,0.3361932080006227
jev-1.13.0,test,banking77-test-372,card_not_working,card_not_working,True,0.84,0.86,0.53,0.3829314169706777
jev-1.13.0,test,banking77-test-395,card_not_working,card_not_working,True,0.8,0.82,0.63,0.35149804200045764
jev-1.13.0,test,banking77-test-398,card_not_working,card_not_working,True,0.73,0.76,0.46,0.28293633298017085
jev-1.13.0,test,banking77-test-374,card_not_working,card_not_working,True,0.96,0.96,0.68,0.3886287499917671
jev-1.13.0,test,banking77-test-376,card_not_working,card_not_working,True,0.94,0.94,0.64,0.2864797079237178
jev-1.13.0,test,banking77-test-392,card_not_working,card_not_working,True,0.97,0.97,0.73,0.30297912494279444
jev-1.13.0,test,banking77-test-399,card_not_working,card_not_working,True,0.96,0.97,0.76,0.30152904195711017
jev-1.13.0,test,banking77-test-572,contactless_not_working,contactless_not_working,True,1.0,1.0,0.96,0.5007806670619175
jev-1.13.0,test,banking77-test-581,contactless_not_working,contactless_not_working,True,1.0,1.0,0.95,0.28391908295452595
jev-1.13.0,test,banking77-test-582,contactless_not_working,contactless_not_working,True,1.0,1.0,0.94,1.2027356659527868
jev-1.13.0,test,banking77-test-584,contactless_not_working,contactless_not_working,True,1.0,1.0,0.95,0.321873708977364
jev-1.13.0,test,banking77-test-574,contactless_not_working,contactless_not_working,True,0.77,0.8,0.43,0.3035362910013646
jev-1.13.0,test,banking77-test-560,contactless_not_working,contactless_not_working,True,0.61,0.65,0.43,0.29219179099891335
jev-1.13.0,test,banking77-test-569,contactless_not_working,contactless_not_working,True,1.0,1.0,0.91,0.42217704199720174
jev-1.13.0,test,banking77-test-570,contactless_not_working,contactless_not_working,True,1.0,1.0,0.95,0.28416158293839544
jev-1.13.0,test,banking77-test-579,contactless_not_working,contactless_not_working,True,1.0,1.0,0.91,0.3143785420106724
jev-1.13.0,test,banking77-test-568,contactless_not_working,contactless_not_working,True,1.0,1.0,0.79,0.42064016696531326
jev-1.13.0,test,banking77-test-578,contactless_not_working,contactless_not_working,True,1.0,1.0,0.97,0.4381313750054687
jev-1.13.0,test,banking77-test-594,contactless_not_working,contactless_not_working,True,1.0,1.0,0.96,0.33485304191708565
jev-1.13.0,test,banking77-test-567,contactless_not_working,contactless_not_working,True,1.0,1.0,0.94,0.8460933750029653
jev-1.13.0,test,banking77-test-576,contactless_not_working,contactless_not_working,True,1.0,1.0,0.93,0.2857748749665916
jev-1.13.0,test,banking77-test-563,contactless_not_working,contactless_not_working,True,1.0,1.0,0.95,0.3035270420368761
jev-1.13.0,test,banking77-test-598,contactless_not_working,contactless_not_working,True,0.84,0.85,0.52,0.6481914590112865
jev-1.13.0,test,banking77-test-575,contactless_not_working,contactless_not_working,True,1.0,1.0,0.95,0.2715937909670174
jev-1.13.0,test,banking77-test-588,contactless_not_working,contactless_not_working,True,1.0,1.0,0.96,0.3982908329926431
jev-1.13.0,test,banking77-test-595,contactless_not_working,needs_review,False,0.9,0.91,0.17,0.6216656659962609
jev-1.13.0,test,banking77-test-566,contactless_not_working,contactless_not_working,True,1.0,1.0,0.95,0.5126836670096964
jev-1.13.0,test,banking77-test-2530,virtual_card_not_working,virtual_card_not_working,True,1.0,1.0,0.93,0.29414762498345226
jev-1.13.0,test,banking77-test-2541,virtual_card_not_working,virtual_card_not_working,True,1.0,1.0,0.95,0.29887508403044194
jev-1.13.0,test,banking77-test-2542,virtual_card_not_working,virtual_card_not_working,True,0.99,1.0,0.89,0.31429141701664776
jev-1.13.0,test,banking77-test-2543,virtual_card_not_working,virtual_card_not_working,True,1.0,1.0,0.95,0.42559695802628994
jev-1.13.0,test,banking77-test-2556,virtual_card_not_working,virtual_card_not_working,True,1.0,1.0,0.96,0.38205099990591407
jev-1.13.0,test,banking77-test-2546,virtual_card_not_working,virtual_card_not_working,True,0.81,0.83,0.4,0.5007330829976127
jev-1.13.0,test,banking77-test-2550,virtual_card_not_working,virtual_card_not_working,True,1.0,1.0,0.92,0.29092325002420694
jev-1.13.0,test,banking77-test-2538,virtual_card_not_working,virtual_card_not_working,True,0.51,0.56,0.43,0.2833083749283105
jev-1.13.0,test,banking77-test-2525,virtual_card_not_working,virtual_card_not_working,True,0.56,0.6,0.43,0.35501495900098234
jev-1.13.0,test,banking77-test-2551,virtual_card_not_working,virtual_card_not_working,True,0.47,0.52,0.48,0.3917718749726191
jev-1.13.0,test,banking77-test-2528,virtual_card_not_working,virtual_card_not_working,True,1.0,1.0,0.96,0.4039225830929354
jev-1.13.0,test,banking77-test-2553,virtual_card_not_working,virtual_card_not_working,True,0.77,0.8,0.41,0.3107394159305841
jev-1.13.0,test,banking77-test-2554,virtual_card_not_working,virtual_card_not_working,True,1.0,1.0,0.96,0.31737254199106246
jev-1.13.0,test,banking77-test-2548,virtual_card_not_working,declined_card_payment,False,0.65,0.68,0.44,0.32461662497371435
jev-1.13.0,test,banking77-test-2540,virtual_card_not_working,virtual_card_not_working,True,1.0,1.0,0.96,0.4324125829152763
jev-1.13.0,test,banking77-test-2526,virtual_card_not_working,virtual_card_not_working,True,0.9,0.91,0.44,0.28559450001921505
jev-1.13.0,test,banking77-test-2549,virtual_card_not_working,virtual_card_not_working,True,1.0,1.0,0.95,0.4423683339264244
jev-1.13.0,test,banking77-test-2559,virtual_card_not_working,virtual_card_not_working,True,1.0,1.0,0.96,0.2851104580331594
jev-1.13.0,test,banking77-test-2555,virtual_card_not_working,virtual_card_not_working,True,1.0,1.0,0.95,0.3203597499523312
jev-1.13.0,test,banking77-test-2537,virtual_card_not_working,virtual_card_not_working,True,1.0,1.0,0.95,0.2796930419281125
jev-1.13.0,test,banking77-test-1829,declined_card_payment,declined_card_payment,True,1.0,1.0,0.94,0.44469079200644046
jev-1.13.0,test,banking77-test-1821,declined_card_payment,declined_card_payment,True,0.63,0.67,0.24,0.5767566250870004
jev-1.13.0,test,banking77-test-1830,declined_card_payment,declined_card_payment,True,1.0,1.0,0.94,0.3671778329880908
jev-1.13.0,test,banking77-test-1825,declined_card_payment,declined_card_payment,True,0.78,0.8,0.32,0.3222875409992412
jev-1.13.0,test,banking77-test-1831,declined_card_payment,declined_card_payment,True,1.0,1.0,0.97,0.31183304195292294
jev-1.13.0,test,banking77-test-1822,declined_card_payment,declined_card_payment,True,1.0,1.0,0.93,0.2913681670324877
jev-1.13.0,test,banking77-test-1828,declined_card_payment,declined_card_payment,True,1.0,1.0,0.92,0.33466216595843434
jev-1.13.0,test,banking77-test-1836,declined_card_payment,declined_card_payment,True,1.0,1.0,0.95,0.4111608340172097
jev-1.13.0,test,banking77-test-1819,declined_card_payment,declined_card_payment,True,1.0,1.0,0.92,0.2686374590266496
jev-1.13.0,test,banking77-test-1811,declined_card_payment,declined_card_payment,True,1.0,1.0,0.91,0.29346429102588445
jev-1.13.0,test,banking77-test-1839,declined_card_payment,declined_card_payment,True,1.0,1.0,0.95,0.43408920802176
jev-1.13.0,test,banking77-test-1809,declined_card_payment,declined_card_payment,True,1.0,1.0,0.94,0.3061127080582082
jev-1.13.0,test,banking77-test-1817,declined_card_payment,declined_card_payment,True,0.9,0.91,0.35,0.29623124992940575
jev-1.13.0,test,banking77-test-1832,declined_card_payment,declined_card_payment,True,1.0,1.0,0.95,0.384997499990277
jev-1.13.0,test,banking77-test-1814,declined_card_payment,card_not_working,False,0.29,0.35000000000000003,0.26,0.2981367090251297
jev-1.13.0,test,banking77-test-1815,declined_card_payment,declined_card_payment,True,0.8,0.83,0.35,0.30933908303268254
jev-1.13.0,test,banking77-test-1826,declined_card_payment,declined_card_payment,True,1.0,1.0,0.9,0.3207112919772044
jev-1.13.0,test,banking77-test-1820,declined_card_payment,declined_card_payment,True,0.49,0.53,0.27,0.27721650002058595
jev-1.13.0,test,banking77-test-1806,declined_card_payment,declined_card_payment,True,0.99,0.99,0.92,0.4096975000575185
jev-1.13.0,test,banking77-test-1810,declined_card_payment,declined_card_payment,True,1.0,1.0,0.94,0.29292079189326614
jev-1.13.0,test,banking77-test-1634,pending_card_payment,needs_review,False,0.46,0.5,0.21,0.3559357919730246
jev-1.13.0,test,banking77-test-1632,pending_card_payment,pending_card_payment,True,0.99,0.99,0.78,0.44261425000149757
jev-1.13.0,test,banking77-test-1603,pending_card_payment,needs_review,False,0.67,0.7,0.2,0.30611770797986537
jev-1.13.0,test,banking77-test-1613,pending_card_payment,pending_card_payment,True,1.0,1.0,0.92,0.4201142090605572
jev-1.13.0,test,banking77-test-1623,pending_card_payment,needs_review,False,0.47,0.52,0.3,0.30821400007698685
jev-1.13.0,test,banking77-test-1617,pending_card_payment,pending_card_payment,True,1.0,1.0,0.88,0.3135895000305027
jev-1.13.0,test,banking77-test-1609,pending_card_payment,pending_card_payment,True,1.0,1.0,0.91,0.3012418750440702
jev-1.13.0,test,banking77-test-1610,pending_card_payment,pending_card_payment,True,0.93,0.94,0.42,0.42169737501535565
jev-1.13.0,test,banking77-test-1604,pending_card_payment,pending_card_payment,True,1.0,1.0,0.96,0.28427712502889335
jev-1.13.0,test,banking77-test-1608,pending_card_payment,pending_card_payment,True,0.94,0.94,0.68,0.2793034999631345
jev-1.13.0,test,banking77-test-1601,pending_card_payment,pending_card_payment,True,0.98,0.99,0.68,0.696768166963011
jev-1.13.0,test,banking77-test-1630,pending_card_payment,pending_card_payment,True,0.93,0.94,0.5,0.6025184579193592
jev-1.13.0,test,banking77-test-1635,pending_card_payment,pending_card_payment,True,0.89,0.9,0.4,0.2906502919504419
jev-1.13.0,test,banking77-test-1600,pending_card_payment,pending_card_payment,True,1.0,1.0,0.9,0.4965102910064161
jev-1.13.0,test,banking77-test-1624,pending_card_payment,pending_card_payment,True,1.0,1.0,0.96,0.5362484169891104
jev-1.13.0,test,banking77-test-1616,pending_card_payment,pending_card_payment,True,0.87,0.89,0.51,0.4889662089990452
jev-1.13.0,test,banking77-test-1611,pending_card_payment,pending_card_payment,True,1.0,1.0,0.96,0.3137436250690371
jev-1.13.0,test,banking77-test-1605,pending_card_payment,declined_card_payment,False,0.47,0.52,0.31,0.2929263749392703
jev-1.13.0,test,banking77-test-1637,pending_card_payment,pending_card_payment,True,1.0,1.0,0.96,0.45584941701963544
jev-1.13.0,test,banking77-test-1621,pending_card_payment,pending_card_payment,True,1.0,1.0,0.94,0.4116403750376776
jev-1.13.0,test,banking77-test-1103,card_payment_not_recognised,card_payment_not_recognised,True,0.99,0.99,0.79,0.31006870802957565
jev-1.13.0,test,banking77-test-1114,card_payment_not_recognised,card_payment_not_recognised,True,0.71,0.74,0.32,0.3525482910918072
jev-1.13.0,test,banking77-test-1084,card_payment_not_recognised,card_payment_not_recognised,True,1.0,1.0,0.85,0.5731280000181869
jev-1.13.0,test,banking77-test-1087,card_payment_not_recognised,card_payment_not_recognised,True,1.0,1.0,0.95,0.3972709159133956
jev-1.13.0,test,banking77-test-1081,card_payment_not_recognised,card_payment_not_recognised,True,1.0,1.0,0.94,0.386265458073467
jev-1.13.0,test,banking77-test-1095,card_payment_not_recognised,card_payment_not_recognised,True,1.0,1.0,0.85,0.3615692920284346
jev-1.13.0,test,banking77-test-1118,card_payment_not_recognised,card_payment_not_recognised,True,0.99,0.99,0.82,0.32581058295909315
jev-1.13.0,test,banking77-test-1090,card_payment_not_recognised,card_payment_not_recognised,True,0.96,0.96,0.4,0.34450850007124245
jev-1.13.0,test,banking77-test-1116,card_payment_not_recognised,card_payment_not_recognised,True,1.0,1.0,0.88,0.3685929999919608
jev-1.13.0,test,banking77-test-1097,card_payment_not_recognised,card_payment_not_recognised,True,1.0,1.0,0.97,0.2967632500221953
jev-1.13.0,test,banking77-test-1099,card_payment_not_recognised,card_payment_not_recognised,True,0.94,0.94,0.5,0.3267293330281973
jev-1.13.0,test,banking77-test-1085,card_payment_not_recognised,card_payment_not_recognised,True,1.0,1.0,0.94,0.2953697079792619
jev-1.13.0,test,banking77-test-1086,card_payment_not_recognised,card_payment_not_recognised,True,1.0,1.0,0.9,0.37572683300822973
jev-1.13.0,test,banking77-test-1082,card_payment_not_recognised,card_payment_not_recognised,True,1.0,1.0,0.88,0.324937375029549
jev-1.13.0,test,banking77-test-1115,card_payment_not_recognised,card_payment_not_recognised,True,0.88,0.9,0.39,0.47179362503811717
jev-1.13.0,test,banking77-test-1108,card_payment_not_recognised,card_payment_not_recognised,True,0.97,0.98,0.59,0.27783449995331466
jev-1.13.0,test,banking77-test-1100,card_payment_not_recognised,card_payment_not_recognised,True,0.98,0.98,0.59,0.3240712499246001
jev-1.13.0,test,banking77-test-1113,card_payment_not_recognised,card_payment_not_recognised,True,1.0,1.0,0.96,0.4356729999417439
jev-1.13.0,test,banking77-test-1094,card_payment_not_recognised,card_payment_not_recognised,True,0.98,0.99,0.76,0.34630158299114555
jev-1.13.0,test,banking77-test-1083,card_payment_not_recognised,card_payment_not_recognised,True,0.99,0.99,0.8,0.3130825828993693
jev-1.13.0,test,banking77-test-1995,transaction_charged_twice,transaction_charged_twice,True,1.0,1.0,0.95,0.2966384580358863
jev-1.13.0,test,banking77-test-1992,transaction_charged_twice,transaction_charged_twice,True,0.84,0.86,0.43,0.4218259999761358
jev-1.13.0,test,banking77-test-1977,transaction_charged_twice,transaction_charged_twice,True,0.99,0.99,0.88,0.2769120829179883
jev-1.13.0,test,banking77-test-1991,transaction_charged_twice,transaction_charged_twice,True,1.0,1.0,0.96,0.2779256250942126
jev-1.13.0,test,banking77-test-1982,transaction_charged_twice,transaction_charged_twice,True,1.0,1.0,0.91,0.4202304169302806
jev-1.13.0,test,banking77-test-1978,transaction_charged_twice,transaction_charged_twice,True,1.0,1.0,0.89,0.4036418750183657
jev-1.13.0,test,banking77-test-1989,transaction_charged_twice,transaction_charged_twice,True,1.0,1.0,0.97,0.3783001669216901
jev-1.13.0,test,banking77-test-1998,transaction_charged_twice,transaction_charged_twice,True,1.0,1.0,0.95,0.28560258401557803
jev-1.13.0,test,banking77-test-1984,transaction_charged_twice,transaction_charged_twice,True,0.98,0.98,0.63,0.3026074579684064
jev-1.13.0,test,banking77-test-1963,transaction_charged_twice,transaction_charged_twice,True,1.0,1.0,0.97,0.32848020805977285
jev-1.13.0,test,banking77-test-1965,transaction_charged_twice,transaction_charged_twice,True,1.0,1.0,0.95,0.39163583400659263
jev-1.13.0,test,banking77-test-1967,transaction_charged_twice,transaction_charged_twice,True,1.0,1.0,0.94,0.42804408294614404
jev-1.13.0,test,banking77-test-1990,transaction_charged_twice,transaction_charged_twice,True,1.0,1.0,0.95,0.3511166670359671
jev-1.13.0,test,banking77-test-1993,transaction_charged_twice,transaction_charged_twice,True,0.97,0.97,0.6,0.28809104207903147
jev-1.13.0,test,banking77-test-1983,transaction_charged_twice,transaction_charged_twice,True,1.0,1.0,0.96,0.2976210000924766
jev-1.13.0,test,banking77-test-1996,transaction_charged_twice,transaction_charged_twice,True,1.0,1.0,0.81,0.3061842500464991
jev-1.13.0,test,banking77-test-1985,transaction_charged_twice,transaction_charged_twice,True,0.99,1.0,0.78,0.4505542920669541
jev-1.13.0,test,banking77-test-1981,transaction_charged_twice,transaction_charged_twice,True,1.0,1.0,0.94,0.29388879192993045
jev-1.13.0,test,banking77-test-1980,transaction_charged_twice,transaction_charged_twice,True,0.95,0.95,0.75,0.3359545840648934
jev-1.13.0,test,banking77-test-1964,transaction_charged_twice,transaction_charged_twice,True,0.79,0.81,0.7,0.38516820792574435
jev-1.13.0,test,banking77-test-1718,request_refund,request_refund,True,1.0,1.0,0.94,0.35546079196501523
jev-1.13.0,test,banking77-test-1716,request_refund,request_refund,True,1.0,1.0,0.96,0.2990274999756366
jev-1.13.0,test,banking77-test-1717,request_refund,request_refund,True,1.0,1.0,0.93,0.42267012502998114
jev-1.13.0,test,banking77-test-1707,request_refund,request_refund,True,1.0,1.0,0.95,0.3608207500074059
jev-1.13.0,test,banking77-test-1701,request_refund,needs_review,False,0.58,0.6,0.2,0.3828740840544924
jev-1.13.0,test,banking77-test-1682,request_refund,request_refund,True,1.0,1.0,0.93,0.328132541035302
jev-1.13.0,test,banking77-test-1692,request_refund,request_refund,True,0.98,0.99,0.89,0.29707724996842444
jev-1.13.0,test,banking77-test-1693,request_refund,request_refund,True,0.99,1.0,0.94,0.3146179160103202
jev-1.13.0,test,banking77-test-1699,request_refund,request_refund,True,1.0,1.0,0.94,0.4068485419265926
jev-1.13.0,test,banking77-test-1712,request_refund,request_refund,True,0.96,0.97,0.86,0.37621374998707324
jev-1.13.0,test,banking77-test-1711,request_refund,request_refund,True,0.97,0.97,0.61,0.3654504590667784
jev-1.13.0,test,banking77-test-1704,request_refund,request_refund,True,0.99,0.99,0.94,0.3031302089802921
jev-1.13.0,test,banking77-test-1681,request_refund,request_refund,True,0.99,0.99,0.94,0.29348604194819927
jev-1.13.0,test,banking77-test-1703,request_refund,request_refund,True,1.0,1.0,0.93,0.4469494160730392
jev-1.13.0,test,banking77-test-1708,request_refund,request_refund,True,0.98,0.98,0.9,0.29896154103334993
jev-1.13.0,test,banking77-test-1705,request_refund,request_refund,True,1.0,1.0,0.96,0.32578637497499585
jev-1.13.0,test,banking77-test-1696,request_refund,request_refund,True,0.98,0.98,0.89,0.4189235420199111
jev-1.13.0,test,banking77-test-1694,request_refund,request_refund,True,1.0,1.0,0.92,0.321377917076461
jev-1.13.0,test,banking77-test-1713,request_refund,request_refund,True,1.0,1.0,0.92,0.3678598329424858
jev-1.13.0,test,banking77-test-1689,request_refund,needs_review,False,0.83,0.84,0.18,0.3536175419576466
jev-1.13.0,test,banking77-test-1781,Refund_not_showing_up,Refund_not_showing_up,True,1.0,1.0,0.94,0.29920516698621213
jev-1.13.0,test,banking77-test-1763,Refund_not_showing_up,Refund_not_showing_up,True,1.0,1.0,0.95,0.2973282920429483
jev-1.13.0,test,banking77-test-1779,Refund_not_showing_up,Refund_not_showing_up,True,1.0,1.0,0.93,0.46239549992606044
jev-1.13.0,test,banking77-test-1791,Refund_not_showing_up,Refund_not_showing_up,True,1.0,1.0,0.92,0.2757092909887433
jev-1.13.0,test,banking77-test-1765,Refund_not_showing_up,Refund_not_showing_up,True,1.0,1.0,0.92,0.35666812502313405
jev-1.13.0,test,banking77-test-1788,Refund_not_showing_up,Refund_not_showing_up,True,1.0,1.0,0.92,0.2791237080236897
jev-1.13.0,test,banking77-test-1771,Refund_not_showing_up,Refund_not_showing_up,True,1.0,1.0,0.94,0.38441679207608104
jev-1.13.0,test,banking77-test-1777,Refund_not_showing_up,Refund_not_showing_up,True,1.0,1.0,0.95,0.33292062499094754
jev-1.13.0,test,banking77-test-1795,Refund_not_showing_up,Refund_not_showing_up,True,0.99,1.0,0.82,0.32971883297432214
jev-1.13.0,test,banking77-test-1775,Refund_not_showing_up,Refund_not_showing_up,True,1.0,1.0,0.93,0.3753905000630766
jev-1.13.0,test,banking77-test-1760,Refund_not_showing_up,Refund_not_showing_up,True,1.0,1.0,0.95,0.5248484580079094
jev-1.13.0,test,banking77-test-1773,Refund_not_showing_up,Refund_not_showing_up,True,0.99,1.0,0.88,0.3008695419412106
jev-1.13.0,test,banking77-test-1797,Refund_not_showing_up,Refund_not_showing_up,True,1.0,1.0,0.89,0.31186649994924664
jev-1.13.0,test,banking77-test-1785,Refund_not_showing_up,Refund_not_showing_up,True,1.0,1.0,0.94,0.30651533300988376
jev-1.13.0,test,banking77-test-1761,Refund_not_showing_up,Refund_not_showing_up,True,1.0,1.0,0.95,0.5037933340063319
jev-1.13.0,test,banking77-test-1766,Refund_not_showing_up,Refund_not_showing_up,True,0.99,0.99,0.8,0.5788015000289306
jev-1.13.0,test,banking77-test-1764,Refund_not_showing_up,Refund_not_showing_up,True,1.0,1.0,0.94,0.5313296250533313
jev-1.13.0,test,banking77-test-1784,Refund_not_showing_up,Refund_not_showing_up,True,1.0,1.0,0.89,0.3387430839939043
jev-1.13.0,test,banking77-test-1774,Refund_not_showing_up,Refund_not_showing_up,True,1.0,1.0,0.9,0.33551291609182954
jev-1.13.0,test,banking77-test-1799,Refund_not_showing_up,Refund_not_showing_up,True,1.0,1.0,0.94,0.36394900002051145
jev-1.13.0,test,banking77-test-1869,pending_transfer,pending_transfer,True,1.0,1.0,0.94,0.45471370790619403
jev-1.13.0,test,banking77-test-1858,pending_transfer,pending_transfer,True,0.91,0.92,0.42,0.31188737507909536
jev-1.13.0,test,banking77-test-1870,pending_transfer,pending_transfer,True,1.0,1.0,0.91,0.3794376669684425
jev-1.13.0,test,banking77-test-1853,pending_transfer,pending_transfer,True,0.98,0.98,0.78,0.39854641701094806
jev-1.13.0,test,banking77-test-1876,pending_transfer,pending_transfer,True,0.61,0.65,0.37,0.36542858299799263
jev-1.13.0,test,banking77-test-1856,pending_transfer,pending_transfer,True,1.0,1.0,0.88,0.3184516670880839
jev-1.13.0,test,banking77-test-1872,pending_transfer,pending_transfer,True,1.0,1.0,0.91,0.3027546249795705
jev-1.13.0,test,banking77-test-1860,pending_transfer,pending_transfer,True,1.0,1.0,0.9,0.4237813330255449
jev-1.13.0,test,banking77-test-1844,pending_transfer,pending_transfer,True,0.99,0.99,0.93,0.4298971249954775
jev-1.13.0,test,banking77-test-1873,pending_transfer,pending_transfer,True,1.0,1.0,0.86,0.3700955839594826
jev-1.13.0,test,banking77-test-1852,pending_transfer,pending_transfer,True,1.0,1.0,0.93,0.29998712497763336
jev-1.13.0,test,banking77-test-1868,pending_transfer,pending_transfer,True,0.92,0.93,0.46,0.3284385419683531
jev-1.13.0,test,banking77-test-1875,pending_transfer,pending_transfer,True,0.97,0.98,0.78,0.40180512506049126
jev-1.13.0,test,banking77-test-1857,pending_transfer,pending_transfer,True,0.98,0.99,0.77,0.28221391700208187
jev-1.13.0,test,banking77-test-1854,pending_transfer,pending_transfer,True,0.99,1.0,0.88,0.2842825419502333
jev-1.13.0,test,banking77-test-1842,pending_transfer,pending_transfer,True,0.89,0.9,0.44,0.3266946249641478
jev-1.13.0,test,banking77-test-1849,pending_transfer,pending_transfer,True,1.0,1.0,0.92,0.2969723748974502
jev-1.13.0,test,banking77-test-1879,pending_transfer,pending_transfer,True,0.75,0.78,0.41,0.372561875032261
jev-1.13.0,test,banking77-test-1848,pending_transfer,pending_transfer,True,1.0,1.0,0.92,0.4195185829885304
jev-1.13.0,test,banking77-test-1845,pending_transfer,pending_transfer,True,0.99,1.0,0.86,0.4866127079585567
jev-1.13.0,test,banking77-test-2284,failed_transfer,failed_transfer,True,1.0,1.0,0.79,0.40113770903553814
jev-1.13.0,test,banking77-test-2303,failed_transfer,failed_transfer,True,0.93,0.94,0.43,0.32675262505654246
jev-1.13.0,test,banking77-test-2297,failed_transfer,failed_transfer,True,1.0,1.0,0.79,0.2932757909875363
jev-1.13.0,test,banking77-test-2283,failed_transfer,failed_transfer,True,0.99,0.99,0.62,0.28428008290939033
jev-1.13.0,test,banking77-test-2298,failed_transfer,failed_transfer,True,1.0,1.0,0.82,0.41851754195522517
jev-1.13.0,test,banking77-test-2312,failed_transfer,failed_transfer,True,0.96,0.97,0.42,0.2822499159956351
jev-1.13.0,test,banking77-test-2310,failed_transfer,failed_transfer,True,0.98,0.98,0.58,0.3561399159952998
jev-1.13.0,test,banking77-test-2314,failed_transfer,failed_transfer,True,0.94,0.95,0.44,0.3755044169956818
jev-1.13.0,test,banking77-test-2288,failed_transfer,failed_transfer,True,0.9,0.92,0.4,0.3196134999161586
jev-1.13.0,test,banking77-test-2316,failed_transfer,failed_transfer,True,0.82,0.84,0.35,0.47470537503249943
jev-1.13.0,test,banking77-test-2290,failed_transfer,failed_transfer,True,0.58,0.62,0.24,0.2917535419110209
jev-1.13.0,test,banking77-test-2289,failed_transfer,failed_transfer,True,0.94,0.95,0.48,0.34014995803590864
jev-1.13.0,test,banking77-test-2294,failed_transfer,failed_transfer,True,1.0,1.0,0.77,0.5462864169385284
jev-1.13.0,test,banking77-test-2305,failed_transfer,failed_transfer,True,0.61,0.65,0.24,0.4128976669162512
jev-1.13.0,test,banking77-test-2295,failed_transfer,pending_transfer,False,0.72,0.74,0.29,0.4957965420326218
jev-1.13.0,test,banking77-test-2304,failed_transfer,failed_transfer,True,0.5,0.54,0.24,0.32145441696047783
jev-1.13.0,test,banking77-test-2308,failed_transfer,failed_transfer,True,0.96,0.96,0.42,0.2936417500022799
jev-1.13.0,test,banking77-test-2280,failed_transfer,failed_transfer,True,0.98,0.98,0.69,0.28532383404672146
jev-1.13.0,test,banking77-test-2306,failed_transfer,failed_transfer,True,0.81,0.83,0.34,0.4212915829848498
jev-1.13.0,test,banking77-test-2307,failed_transfer,failed_transfer,True,1.0,1.0,0.88,0.39735245902556926
jev-1.13.0,test,banking77-test-857,transfer_not_received_by_recipient,transfer_not_received_by_recipient,True,1.0,1.0,0.77,0.4078005419578403
jev-1.13.0,test,banking77-test-879,transfer_not_received_by_recipient,transfer_not_received_by_recipient,True,0.84,0.85,0.33,0.30383770796470344
jev-1.13.0,test,banking77-test-866,transfer_not_received_by_recipient,pending_card_payment,False,0.77,0.79,0.26,0.30395033408422023
jev-1.13.0,test,banking77-test-842,transfer_not_received_by_recipient,pending_card_payment,False,0.62,0.65,0.24,0.40017029200680554
jev-1.13.0,test,banking77-test-850,transfer_not_received_by_recipient,transfer_not_received_by_recipient,True,0.99,0.99,0.59,0.31821029202546924
jev-1.13.0,test,banking77-test-870,transfer_not_received_by_recipient,transfer_not_received_by_recipient,True,1.0,1.0,0.72,0.27410345803946257
jev-1.13.0,test,banking77-test-877,transfer_not_received_by_recipient,transfer_not_received_by_recipient,True,1.0,1.0,0.85,0.3091800840338692
jev-1.13.0,test,banking77-test-871,transfer_not_received_by_recipient,transfer_not_received_by_recipient,True,1.0,1.0,0.89,0.36239350005052984
jev-1.13.0,test,banking77-test-868,transfer_not_received_by_recipient,pending_card_payment,False,0.48,0.52,0.22,0.29674420901574194
jev-1.13.0,test,banking77-test-862,transfer_not_received_by_recipient,transfer_not_received_by_recipient,True,0.99,0.99,0.88,0.288951333030127
jev-1.13.0,test,banking77-test-874,transfer_not_received_by_recipient,transfer_not_received_by_recipient,True,0.99,0.99,0.82,0.290820958907716
jev-1.13.0,test,banking77-test-861,transfer_not_received_by_recipient,pending_transfer,False,0.91,0.92,0.56,0.3144789590733126
jev-1.13.0,test,banking77-test-859,transfer_not_received_by_recipient,transfer_not_received_by_recipient,True,1.0,1.0,0.89,0.3872270410647616
jev-1.13.0,test,banking77-test-851,transfer_not_received_by_recipient,pending_transfer,False,0.93,0.93,0.61,0.3445979589596391
jev-1.13.0,test,banking77-test-847,transfer_not_received_by_recipient,transfer_not_received_by_recipient,True,1.0,1.0,0.89,0.28967095795087516
jev-1.13.0,test,banking77-test-875,transfer_not_received_by_recipient,transfer_not_received_by_recipient,True,0.86,0.87,0.7,0.35330216598231345
jev-1.13.0,test,banking77-test-872,transfer_not_received_by_recipient,transfer_not_received_by_recipient,True,1.0,1.0,0.83,0.35947395802941173
jev-1.13.0,test,banking77-test-849,transfer_not_received_by_recipient,needs_review,False,0.68,0.71,0.17,0.32850774994585663
jev-1.13.0,test,banking77-test-876,transfer_not_received_by_recipient,transfer_not_received_by_recipient,True,0.51,0.55,0.44,0.3437281249789521
jev-1.13.0,test,banking77-test-848,transfer_not_received_by_recipient,transfer_not_received_by_recipient,True,0.97,0.98,0.61,0.3544887920143083
jev-1.13.0,challenge,challenge-clear-0,contactless_not_working,contactless_not_working,True,1.0,1.0,0.95,0.3308842920232564
jev-1.13.0,challenge,challenge-clear-1,virtual_card_not_working,virtual_card_not_working,True,1.0,1.0,0.97,0.2849416659446433
jev-1.13.0,challenge,challenge-clear-2,declined_card_payment,declined_card_payment,True,1.0,1.0,0.96,0.2897779999766499
jev-1.13.0,challenge,challenge-clear-3,transaction_charged_twice,transaction_charged_twice,True,1.0,1.0,0.97,0.4042147909058258
jev-1.13.0,challenge,challenge-clear-4,request_refund,request_refund,True,1.0,1.0,0.94,0.30849683296401054
jev-1.13.0,challenge,challenge-clear-5,Refund_not_showing_up,Refund_not_showing_up,True,1.0,1.0,0.96,0.34089570899959654
jev-1.13.0,challenge,challenge-clear-6,pending_transfer,pending_transfer,True,0.99,1.0,0.83,0.42603779095225036
jev-1.13.0,challenge,challenge-clear-7,failed_transfer,failed_transfer,True,1.0,1.0,0.87,0.3196522908983752
jev-1.13.0,challenge,challenge-clear-8,transfer_not_received_by_recipient,transfer_not_received_by_recipient,True,1.0,1.0,0.85,0.42196012497879565
jev-1.13.0,challenge,challenge-clear-9,card_payment_not_recognised,card_payment_not_recognised,True,1.0,1.0,0.97,0.2913364169653505
jev-1.13.0,challenge,challenge-clear-10,pending_card_payment,pending_card_payment,True,1.0,1.0,0.96,0.3082343329442665
jev-1.13.0,challenge,challenge-clear-11,card_not_working,card_not_working,True,1.0,1.0,0.97,0.32373683294281363
jev-1.13.0,challenge,challenge-missing_information-0,needs_review,needs_review,True,1.0,1.0,0.06,0.3924700419884175
jev-1.13.0,challenge,challenge-missing_information-1,needs_review,needs_review,True,0.76,0.79,0.15,0.2987718329532072
jev-1.13.0,challenge,challenge-missing_information-2,needs_review,needs_review,True,1.0,1.0,0.06,0.3314777920022607
jev-1.13.0,challenge,challenge-missing_information-3,needs_review,needs_review,True,0.79,0.8,0.12,0.3790139160118997
jev-1.13.0,challenge,challenge-missing_information-4,needs_review,needs_review,True,1.0,1.0,0.04,0.34519029199145734
jev-1.13.0,challenge,challenge-missing_information-5,needs_review,needs_review,True,1.0,1.0,0.06,0.30041945807170123
jev-1.13.0,challenge,challenge-missing_information-6,needs_review,needs_review,True,1.0,1.0,0.08,0.37618091597687453
jev-1.13.0,challenge,challenge-missing_information-7,needs_review,needs_review,True,1.0,1.0,0.06,0.3368410839466378
jev-1.13.0,challenge,challenge-multiple_intents-0,needs_review,needs_review,True,1.0,1.0,0.11,0.2829469999996945
jev-1.13.0,challenge,challenge-multiple_intents-1,needs_review,needs_review,True,1.0,1.0,0.09,0.37832454207818955
jev-1.13.0,challenge,challenge-multiple_intents-2,needs_review,needs_review,True,1.0,1.0,0.15,0.3582089999690652
jev-1.13.0,challenge,challenge-multiple_intents-3,needs_review,needs_review,True,1.0,1.0,0.09,0.5615585000487044
jev-1.13.0,challenge,challenge-multiple_intents-4,needs_review,needs_review,True,0.99,1.0,0.13,0.2932782919378951
jev-1.13.0,challenge,challenge-multiple_intents-5,needs_review,needs_review,True,1.0,1.0,0.12,0.3205256660003215
jev-1.13.0,challenge,challenge-out_of_scope-0,needs_review,needs_review,True,1.0,1.0,0.14,0.38444704096764326
jev-1.13.0,challenge,challenge-out_of_scope-1,needs_review,needs_review,True,1.0,1.0,0.12,0.29490916710346937
jev-1.13.0,challenge,challenge-out_of_scope-2,needs_review,needs_review,True,1.0,1.0,0.13,0.30289212497882545
jev-1.13.0,challenge,challenge-out_of_scope-3,needs_review,needs_review,True,1.0,1.0,0.12,0.32659537508152425
jev-1.13.0,challenge,challenge-out_of_scope-4,needs_review,needs_review,True,0.97,0.97,0.14,0.36633158405311406
jev-1.13.0,challenge,challenge-out_of_scope-5,needs_review,needs_review,True,1.0,1.0,0.17,0.2804371250094846
jev-1.13.0,challenge,challenge-instruction_in_message-0,virtual_card_not_working,virtual_card_not_working,True,0.98,0.98,0.66,0.2932089170208201
jev-1.13.0,challenge,challenge-instruction_in_message-1,transaction_charged_twice,transaction_charged_twice,True,0.96,0.97,0.69,0.3341207910561934
jev-1.13.0,challenge,challenge-instruction_in_message-2,Refund_not_showing_up,Refund_not_showing_up,True,0.91,0.92,0.5,0.30507358303293586
jev-1.13.0,challenge,challenge-instruction_in_message-3,declined_card_payment,declined_card_payment,True,0.97,0.97,0.44,0.3639959580032155
gpt-6-luna-none,dev,banking77-train-1250,card_not_working,card_not_working,True,0.95,,0.96,1.651082917000167
gpt-6-luna-medium,dev,banking77-train-1250,card_not_working,card_not_working,True,0.96,,0.95,2.819373667007312
gpt-6-luna-none,dev,banking77-train-1282,card_not_working,card_not_working,True,0.92,,0.96,1.8044324161019176
gpt-6-luna-medium,dev,banking77-train-1282,card_not_working,card_not_working,True,0.92,,0.95,2.3054456670070067
gpt-6-luna-none,dev,banking77-train-1348,card_not_working,card_not_working,True,0.91,,0.93,2.1083785840310156
gpt-6-luna-none,dev,banking77-train-1313,card_not_working,card_not_working,True,0.98,,0.99,1.4160712090088055
gpt-6-luna-medium,dev,banking77-train-1348,card_not_working,card_not_working,True,0.88,,0.95,2.6084787499858066
gpt-6-luna-none,dev,banking77-train-1354,card_not_working,card_not_working,True,0.95,,0.95,1.8461953750811517
gpt-6-luna-medium,dev,banking77-train-1313,card_not_working,card_not_working,True,0.98,,0.99,1.3357776660704985
gpt-6-luna-none,dev,banking77-train-1311,card_not_working,needs_review,False,0.99,,0.02,1.561437707976438
gpt-6-luna-medium,dev,banking77-train-1354,card_not_working,card_not_working,True,0.96,,0.95,1.923131666961126
gpt-6-luna-none,dev,banking77-train-1315,card_not_working,card_not_working,True,0.96,,0.98,1.2937286250526085
gpt-6-luna-medium,dev,banking77-train-1311,card_not_working,needs_review,False,0.99,,0.02,1.5419573750114068
gpt-6-luna-none,dev,banking77-train-1317,card_not_working,needs_review,False,1.0,,0.0,1.2641748749883845
gpt-6-luna-none,dev,banking77-train-1295,card_not_working,needs_review,False,0.96,,0.2,1.3581917500123382
gpt-6-luna-medium,dev,banking77-train-1315,card_not_working,card_not_working,True,0.9,,0.96,1.9256898340536281
gpt-6-luna-none,dev,banking77-train-1289,card_not_working,card_not_working,True,0.99,,0.99,1.31401354202535
gpt-6-luna-medium,dev,banking77-train-1317,card_not_working,needs_review,False,0.99,,0.05,2.3117600419791415
gpt-6-luna-none,dev,banking77-train-1804,contactless_not_working,needs_review,False,0.98,,0.15,1.4541245000436902
gpt-6-luna-none,dev,banking77-train-1816,contactless_not_working,contactless_not_working,True,0.98,,0.99,1.3280290419934317
gpt-6-luna-medium,dev,banking77-train-1295,card_not_working,needs_review,False,0.98,,0.05,2.2267421249998733
gpt-6-luna-none,dev,banking77-train-1784,contactless_not_working,contactless_not_working,True,1.0,,1.0,1.407511374913156
gpt-6-luna-medium,dev,banking77-train-1289,card_not_working,card_not_working,True,0.99,,0.99,1.3109695840394124
gpt-6-luna-none,dev,banking77-train-1792,contactless_not_working,contactless_not_working,True,0.99,,0.99,2.0079002090496942
gpt-6-luna-medium,dev,banking77-train-1804,contactless_not_working,needs_review,False,0.99,,0.02,2.1964529170654714
gpt-6-luna-none,dev,banking77-train-1783,contactless_not_working,contactless_not_working,True,0.99,,0.99,1.1859823749400675
gpt-6-luna-medium,dev,banking77-train-1816,contactless_not_working,contactless_not_working,True,0.99,,0.99,1.3837395410519093
gpt-6-luna-none,dev,banking77-train-1801,contactless_not_working,needs_review,False,0.99,,0.05,1.1721886659506708
gpt-6-luna-none,dev,banking77-train-1794,contactless_not_working,contactless_not_working,True,1.0,,1.0,1.0539592079585418
gpt-6-luna-medium,dev,banking77-train-1784,contactless_not_working,contactless_not_working,True,1.0,,1.0,1.5966619160026312
gpt-6-luna-none,dev,banking77-train-1813,contactless_not_working,contactless_not_working,True,0.98,,0.99,1.539613415952772
gpt-6-luna-medium,dev,banking77-train-1792,contactless_not_working,contactless_not_working,True,0.98,,0.98,1.791616459027864
gpt-6-luna-none,dev,banking77-train-1798,contactless_not_working,contactless_not_working,True,0.99,,0.99,1.108790583908558
gpt-6-luna-medium,dev,banking77-train-1783,contactless_not_working,contactless_not_working,True,0.99,,0.99,1.577973167062737
gpt-6-luna-none,dev,banking77-train-1805,contactless_not_working,contactless_not_working,True,0.99,,0.99,1.261856917059049
gpt-6-luna-none,dev,banking77-train-8190,virtual_card_not_working,virtual_card_not_working,True,1.0,,1.0,1.1540688331006095
gpt-6-luna-medium,dev,banking77-train-1801,contactless_not_working,needs_review,False,0.98,,0.0,2.173498334013857
gpt-6-luna-none,dev,banking77-train-8195,virtual_card_not_working,virtual_card_not_working,True,0.98,,0.99,1.4394742919830605
gpt-6-luna-medium,dev,banking77-train-1794,contactless_not_working,contactless_not_working,True,0.99,,0.99,1.3585808329517022
gpt-6-luna-none,dev,banking77-train-8172,virtual_card_not_working,declined_card_payment,False,0.98,,0.99,2.0000737080117688
gpt-6-luna-medium,dev,banking77-train-1813,contactless_not_working,contactless_not_working,True,0.98,,0.99,1.4473452500533313
gpt-6-luna-none,dev,banking77-train-8183,virtual_card_not_working,virtual_card_not_working,True,0.99,,0.99,1.6647051250329241
gpt-6-luna-medium,dev,banking77-train-1798,contactless_not_working,contactless_not_working,True,0.99,,0.99,1.6590545830549672
gpt-6-luna-none,dev,banking77-train-8191,virtual_card_not_working,declined_card_payment,False,0.92,,0.95,1.2669600000372157
gpt-6-luna-medium,dev,banking77-train-1805,contactless_not_working,contactless_not_working,True,0.99,,0.99,1.4826855409191921
gpt-6-luna-none,dev,banking77-train-8205,virtual_card_not_working,virtual_card_not_working,True,0.99,,0.99,1.231475125066936
gpt-6-luna-medium,dev,banking77-train-8190,virtual_card_not_working,virtual_card_not_working,True,0.99,,0.99,1.4225143329240382
gpt-6-luna-none,dev,banking77-train-8192,virtual_card_not_working,virtual_card_not_working,True,1.0,,1.0,1.2888670829124749
gpt-6-luna-medium,dev,banking77-train-8195,virtual_card_not_working,virtual_card_not_working,True,0.98,,0.99,1.4779692090814933
gpt-6-luna-none,dev,banking77-train-8168,virtual_card_not_working,needs_review,False,0.96,,0.12,1.3009382500313222
gpt-6-luna-medium,dev,banking77-train-8172,virtual_card_not_working,declined_card_payment,False,0.96,,0.99,1.9174261669395491
gpt-6-luna-none,dev,banking77-train-8201,virtual_card_not_working,declined_card_payment,False,0.96,,0.99,1.345575958956033
gpt-6-luna-medium,dev,banking77-train-8183,virtual_card_not_working,virtual_card_not_working,True,0.99,,0.99,1.4665449170861393
gpt-6-luna-none,dev,banking77-train-8186,virtual_card_not_working,virtual_card_not_working,True,1.0,,1.0,1.4203127089422196
gpt-6-luna-none,dev,banking77-train-5975,declined_card_payment,declined_card_payment,True,0.91,,0.95,1.6417887500720099
gpt-6-luna-medium,dev,banking77-train-8191,virtual_card_not_working,declined_card_payment,False,0.96,,0.98,2.0956596249016
gpt-6-luna-none,dev,banking77-train-5868,declined_card_payment,declined_card_payment,True,0.99,,0.99,1.3258229589555413
gpt-6-luna-medium,dev,banking77-train-8205,virtual_card_not_working,virtual_card_not_working,True,0.99,,0.99,1.3390417910413817
gpt-6-luna-none,dev,banking77-train-5890,declined_card_payment,declined_card_payment,True,0.75,,0.8,0.9787636670516804
gpt-6-luna-medium,dev,banking77-train-8192,virtual_card_not_working,virtual_card_not_working,True,0.99,,0.99,1.3358046669745818
gpt-6-luna-none,dev,banking77-train-5889,declined_card_payment,declined_card_payment,True,0.95,,0.95,1.3358668750151992
gpt-6-luna-medium,dev,banking77-train-8168,virtual_card_not_working,needs_review,False,0.99,,0.1,1.5161035830387846
gpt-6-luna-none,dev,banking77-train-5919,declined_card_payment,declined_card_payment,True,0.58,,0.62,1.653337666997686
gpt-6-luna-none,dev,banking77-train-5940,declined_card_payment,declined_card_payment,True,0.83,,0.9,1.2446832910645753
gpt-6-luna-medium,dev,banking77-train-8201,virtual_card_not_working,declined_card_payment,False,0.92,,0.98,2.3531271250685677
gpt-6-luna-none,dev,banking77-train-5891,declined_card_payment,declined_card_payment,True,0.96,,0.95,1.2476196250645444
gpt-6-luna-medium,dev,banking77-train-8186,virtual_card_not_working,virtual_card_not_working,True,0.99,,0.99,1.3257741250563413
gpt-6-luna-none,dev,banking77-train-5918,declined_card_payment,card_not_working,False,0.98,,0.98,1.0732429589843377
gpt-6-luna-medium,dev,banking77-train-5975,declined_card_payment,declined_card_payment,True,0.92,,0.96,1.9748967080377042
gpt-6-luna-none,dev,banking77-train-5854,declined_card_payment,declined_card_payment,True,0.99,,0.99,2.4416285410989076
gpt-6-luna-none,dev,banking77-train-5946,declined_card_payment,declined_card_payment,True,0.96,,0.94,1.0998874170472845
gpt-6-luna-none,dev,banking77-train-5240,pending_card_payment,declined_card_payment,False,0.92,,0.85,1.1388319580582902
gpt-6-luna-medium,dev,banking77-train-5868,declined_card_payment,declined_card_payment,True,0.91,,0.9,3.7722311249235645
gpt-6-luna-none,dev,banking77-train-5106,pending_card_payment,pending_card_payment,True,0.75,,0.7,1.1599083750043064
gpt-6-luna-none,dev,banking77-train-5211,pending_card_payment,pending_card_payment,True,0.78,,0.68,1.8851562920026481
gpt-6-luna-none,dev,banking77-train-5228,pending_card_payment,pending_card_payment,True,0.78,,0.72,1.6916760829044506
gpt-6-luna-none,dev,banking77-train-5100,pending_card_payment,pending_card_payment,True,0.78,,0.72,1.287262250087224
gpt-6-luna-medium,dev,banking77-train-5890,declined_card_payment,declined_card_payment,True,0.78,,0.82,5.853086750023067
gpt-6-luna-none,dev,banking77-train-5218,pending_card_payment,pending_card_payment,True,0.77,,0.65,1.0643745000706986
gpt-6-luna-medium,dev,banking77-train-5889,declined_card_payment,declined_card_payment,True,0.78,,0.85,1.8309930419782177
gpt-6-luna-none,dev,banking77-train-5232,pending_card_payment,pending_card_payment,True,0.69,,0.7,1.4095089579932392
gpt-6-luna-medium,dev,banking77-train-5919,declined_card_payment,needs_review,False,0.92,,0.15,1.6280747089767829
gpt-6-luna-none,dev,banking77-train-5152,pending_card_payment,pending_card_payment,True,0.96,,0.95,1.4786907499656081
gpt-6-luna-none,dev,banking77-train-5231,pending_card_payment,pending_card_payment,True,0.65,,0.55,1.5635722090955824
gpt-6-luna-none,dev,banking77-train-5139,pending_card_payment,pending_card_payment,True,0.55,,0.35,1.3966584579320624
gpt-6-luna-medium,dev,banking77-train-5940,declined_card_payment,declined_card_payment,True,0.74,,0.78,3.6752776670036837
gpt-6-luna-none,dev,banking77-train-3513,card_payment_not_recognised,card_payment_not_recognised,True,0.82,,0.68,2.0610370410140604
gpt-6-luna-medium,dev,banking77-train-5891,declined_card_payment,declined_card_payment,True,0.86,,0.94,2.1926804159302264
gpt-6-luna-none,dev,banking77-train-3609,card_payment_not_recognised,card_payment_not_recognised,True,0.84,,0.92,1.3880199160194024
gpt-6-luna-none,dev,banking77-train-3561,card_payment_not_recognised,card_payment_not_recognised,True,0.96,,0.95,1.2114637499907985
gpt-6-luna-medium,dev,banking77-train-5918,declined_card_payment,card_not_working,False,0.78,,0.82,2.7566255839774385
gpt-6-luna-none,dev,banking77-train-3530,card_payment_not_recognised,card_payment_not_recognised,True,0.99,,0.99,1.039487958070822
gpt-6-luna-medium,dev,banking77-train-5854,declined_card_payment,declined_card_payment,True,0.99,,0.99,1.2090152909513563
gpt-6-luna-none,dev,banking77-train-3597,card_payment_not_recognised,card_payment_not_recognised,True,0.98,,0.98,1.2489685419714078
gpt-6-luna-none,dev,banking77-train-3587,card_payment_not_recognised,card_payment_not_recognised,True,0.97,,0.98,1.1320819579996169
gpt-6-luna-none,dev,banking77-train-3606,card_payment_not_recognised,card_payment_not_recognised,True,0.94,,0.95,1.0843377499841154
gpt-6-luna-none,dev,banking77-train-3534,card_payment_not_recognised,needs_review,False,0.96,,0.15,1.0804655420361087
gpt-6-luna-medium,dev,banking77-train-5946,declined_card_payment,needs_review,False,0.78,,0.22,3.8991280839545652
gpt-6-luna-none,dev,banking77-train-3591,card_payment_not_recognised,card_payment_not_recognised,True,0.99,,0.99,1.4395433749305084
gpt-6-luna-none,dev,banking77-train-3645,card_payment_not_recognised,card_payment_not_recognised,True,0.96,,0.95,1.545306249987334
gpt-6-luna-none,dev,banking77-train-6435,transaction_charged_twice,transaction_charged_twice,True,0.95,,0.95,2.276915333000943
gpt-6-luna-medium,dev,banking77-train-5240,pending_card_payment,needs_review,False,0.92,,0.2,5.020183874992654
gpt-6-luna-none,dev,banking77-train-6307,transaction_charged_twice,transaction_charged_twice,True,0.96,,0.98,1.5120052499696612
gpt-6-luna-medium,dev,banking77-train-5106,pending_card_payment,needs_review,False,0.94,,0.12,1.6735462499782443
gpt-6-luna-none,dev,banking77-train-6384,transaction_charged_twice,transaction_charged_twice,True,0.99,,0.99,0.9479912499664351
gpt-6-luna-none,dev,banking77-train-6342,transaction_charged_twice,transaction_charged_twice,True,0.99,,0.99,1.957037458079867
gpt-6-luna-medium,dev,banking77-train-5211,pending_card_payment,needs_review,False,0.96,,0.08,3.7914267079904675
gpt-6-luna-none,dev,banking77-train-6432,transaction_charged_twice,transaction_charged_twice,True,0.98,,0.99,1.2850586669519544
gpt-6-luna-none,dev,banking77-train-6475,transaction_charged_twice,transaction_charged_twice,True,0.98,,0.98,1.3063834169879556
gpt-6-luna-medium,dev,banking77-train-5228,pending_card_payment,needs_review,False,0.96,,0.2,1.5576577499741688
gpt-6-luna-none,dev,banking77-train-6403,transaction_charged_twice,transaction_charged_twice,True,0.95,,0.95,1.1768881250172853
gpt-6-luna-none,dev,banking77-train-6359,transaction_charged_twice,transaction_charged_twice,True,0.97,,0.99,1.0469487500377
gpt-6-luna-medium,dev,banking77-train-5100,pending_card_payment,needs_review,False,0.97,,0.12,2.6095878329360858
gpt-6-luna-none,dev,banking77-train-6361,transaction_charged_twice,transaction_charged_twice,True,0.97,,0.95,1.041620249976404
gpt-6-luna-none,dev,banking77-train-6459,transaction_charged_twice,transaction_charged_twice,True,0.92,,0.95,1.5408530830172822
gpt-6-luna-medium,dev,banking77-train-5218,pending_card_payment,needs_review,False,0.96,,0.18,2.42151316604577
gpt-6-luna-none,dev,banking77-train-5408,request_refund,needs_review,False,0.98,,0.1,1.3572224169038236
gpt-6-luna-none,dev,banking77-train-5508,request_refund,needs_review,False,0.98,,0.98,1.1216014580568299
gpt-6-luna-none,dev,banking77-train-5432,request_refund,request_refund,True,0.93,,0.92,1.2178134160349146
gpt-6-luna-medium,dev,banking77-train-5232,pending_card_payment,pending_card_payment,True,0.82,,0.8,4.44979979202617
gpt-6-luna-none,dev,banking77-train-5420,request_refund,needs_review,False,0.97,,0.03,1.2073465409921482
gpt-6-luna-none,dev,banking77-train-5392,request_refund,request_refund,True,0.97,,0.98,1.0733123749960214
gpt-6-luna-medium,dev,banking77-train-5152,pending_card_payment,pending_card_payment,True,0.98,,0.99,1.3250575419515371
gpt-6-luna-none,dev,banking77-train-5422,request_refund,request_refund,True,0.98,,0.98,0.9022129999939352
gpt-6-luna-none,dev,banking77-train-5476,request_refund,request_refund,True,0.86,,0.9,1.041527958936058
gpt-6-luna-medium,dev,banking77-train-5231,pending_card_payment,needs_review,False,0.96,,0.08,2.526778499945067
gpt-6-luna-none,dev,banking77-train-5407,request_refund,request_refund,True,0.99,,0.99,1.3572075000265613
gpt-6-luna-medium,dev,banking77-train-5139,pending_card_payment,needs_review,False,0.96,,0.12,1.7429239159682766
gpt-6-luna-none,dev,banking77-train-5505,request_refund,request_refund,True,0.98,,0.98,1.276423875009641
gpt-6-luna-none,dev,banking77-train-5385,request_refund,request_refund,True,0.91,,0.95,1.254132500034757
gpt-6-luna-none,dev,banking77-train-5739,Refund_not_showing_up,Refund_not_showing_up,True,0.99,,0.99,1.1443482090253383
gpt-6-luna-medium,dev,banking77-train-3513,card_payment_not_recognised,needs_review,False,0.82,,0.28,2.7939156249631196
gpt-6-luna-none,dev,banking77-train-5824,Refund_not_showing_up,Refund_not_showing_up,True,0.94,,0.93,1.488301125005819
gpt-6-luna-none,dev,banking77-train-5762,Refund_not_showing_up,Refund_not_showing_up,True,0.97,,0.98,1.5514924159506336
gpt-6-luna-medium,dev,banking77-train-3609,card_payment_not_recognised,needs_review,False,0.78,,0.22,3.4891404160298407
gpt-6-luna-none,dev,banking77-train-5742,Refund_not_showing_up,Refund_not_showing_up,True,0.96,,0.95,1.3933361250674352
gpt-6-luna-medium,dev,banking77-train-3561,card_payment_not_recognised,needs_review,False,0.92,,0.18,2.5940111249219626
gpt-6-luna-none,dev,banking77-train-5722,Refund_not_showing_up,Refund_not_showing_up,True,0.98,,0.99,2.395818541990593
gpt-6-luna-medium,dev,banking77-train-3530,card_payment_not_recognised,card_payment_not_recognised,True,0.99,,0.99,1.0805545420153067
gpt-6-luna-none,dev,banking77-train-5708,Refund_not_showing_up,Refund_not_showing_up,True,0.98,,0.98,1.3412220000755042
gpt-6-luna-none,dev,banking77-train-5675,Refund_not_showing_up,Refund_not_showing_up,True,0.97,,0.99,1.493057292071171
gpt-6-luna-medium,dev,banking77-train-3597,card_payment_not_recognised,card_payment_not_recognised,True,0.88,,0.85,3.4960702910320833
gpt-6-luna-none,dev,banking77-train-5825,Refund_not_showing_up,Refund_not_showing_up,True,0.99,,0.99,1.5802373749902472
gpt-6-luna-none,dev,banking77-train-5683,Refund_not_showing_up,Refund_not_showing_up,True,0.72,,0.68,1.0026135829975829
gpt-6-luna-medium,dev,banking77-train-3587,card_payment_not_recognised,card_payment_not_recognised,True,0.97,,0.98,1.8326136249816045
gpt-6-luna-none,dev,banking77-train-5709,Refund_not_showing_up,Refund_not_showing_up,True,0.98,,0.98,1.7717557919677347
gpt-6-luna-medium,dev,banking77-train-3606,card_payment_not_recognised,card_payment_not_recognised,True,0.91,,0.95,1.5684381669852883
gpt-6-luna-none,dev,banking77-train-6072,pending_transfer,transfer_not_received_by_recipient,False,0.86,,0.89,1.8008465829771012
gpt-6-luna-medium,dev,banking77-train-3534,card_payment_not_recognised,needs_review,False,0.96,,0.15,2.2564475829713047
gpt-6-luna-none,dev,banking77-train-6055,pending_transfer,pending_transfer,True,0.97,,0.98,1.2229522080160677
gpt-6-luna-none,dev,banking77-train-6099,pending_transfer,pending_transfer,True,0.98,,0.99,1.2845611659577116
gpt-6-luna-medium,dev,banking77-train-3591,card_payment_not_recognised,card_payment_not_recognised,True,0.99,,0.99,2.032579542021267
gpt-6-luna-none,dev,banking77-train-6058,pending_transfer,transfer_not_received_by_recipient,False,0.96,,0.98,1.3417205000296235
gpt-6-luna-none,dev,banking77-train-6048,pending_transfer,pending_transfer,True,0.99,,0.99,1.3734982080059126
gpt-6-luna-none,dev,banking77-train-6003,pending_transfer,pending_transfer,True,0.97,,0.99,1.0924032080220059
gpt-6-luna-medium,dev,banking77-train-3645,card_payment_not_recognised,needs_review,False,0.78,,0.3,3.964036916033365
gpt-6-luna-none,dev,banking77-train-6073,pending_transfer,needs_review,False,0.97,,0.15,1.392997540999204
gpt-6-luna-medium,dev,banking77-train-6435,transaction_charged_twice,transaction_charged_twice,True,0.91,,0.95,2.2192802919307724
gpt-6-luna-none,dev,banking77-train-6082,pending_transfer,pending_transfer,True,0.91,,0.91,1.5171925000613555
gpt-6-luna-medium,dev,banking77-train-6307,transaction_charged_twice,transaction_charged_twice,True,0.96,,0.98,1.4259631249587983
gpt-6-luna-none,dev,banking77-train-6077,pending_transfer,pending_transfer,True,0.99,,0.99,1.2764149169670418
gpt-6-luna-none,dev,banking77-train-6079,pending_transfer,pending_transfer,True,0.98,,0.99,0.8882612090092152
gpt-6-luna-medium,dev,banking77-train-6384,transaction_charged_twice,transaction_charged_twice,True,0.99,,0.99,1.714478874928318
gpt-6-luna-none,dev,banking77-train-7429,failed_transfer,failed_transfer,True,0.98,,0.98,1.5176484999246895
gpt-6-luna-medium,dev,banking77-train-6342,transaction_charged_twice,transaction_charged_twice,True,0.99,,0.99,1.3761251660762355
gpt-6-luna-none,dev,banking77-train-7448,failed_transfer,failed_transfer,True,0.99,,0.99,1.445860999985598
gpt-6-luna-medium,dev,banking77-train-6432,transaction_charged_twice,transaction_charged_twice,True,0.98,,0.99,1.4408490000059828
gpt-6-luna-none,dev,banking77-train-7480,failed_transfer,declined_card_payment,False,0.94,,0.88,1.2371000000275671
gpt-6-luna-medium,dev,banking77-train-6475,transaction_charged_twice,transaction_charged_twice,True,0.98,,0.98,1.435604083002545
gpt-6-luna-none,dev,banking77-train-7447,failed_transfer,pending_transfer,False,0.74,,0.72,1.5151238339021802
gpt-6-luna-medium,dev,banking77-train-6403,transaction_charged_twice,transaction_charged_twice,True,0.96,,0.99,1.616390958079137
gpt-6-luna-none,dev,banking77-train-7481,failed_transfer,failed_transfer,True,0.94,,0.96,1.7268261250574142
gpt-6-luna-none,dev,banking77-train-7518,failed_transfer,needs_review,False,0.91,,0.28,1.0429817920085043
gpt-6-luna-medium,dev,banking77-train-6359,transaction_charged_twice,transaction_charged_twice,True,0.91,,0.94,2.3796741670230404
gpt-6-luna-none,dev,banking77-train-7436,failed_transfer,failed_transfer,True,0.94,,0.96,1.4038457080023363
gpt-6-luna-medium,dev,banking77-train-6361,transaction_charged_twice,transaction_charged_twice,True,0.96,,0.98,1.9287364999763668
gpt-6-luna-none,dev,banking77-train-7428,failed_transfer,needs_review,False,0.93,,0.25,1.2869701670715585
gpt-6-luna-none,dev,banking77-train-7497,failed_transfer,needs_review,False,0.97,,0.1,1.2681589169660583
gpt-6-luna-none,dev,banking77-train-7544,failed_transfer,needs_review,False,0.98,,0.12,1.069469542009756
gpt-6-luna-medium,dev,banking77-train-6459,transaction_charged_twice,pending_card_payment,False,0.82,,0.91,3.42156220797915
gpt-6-luna-none,dev,banking77-train-2755,transfer_not_received_by_recipient,needs_review,False,0.9,,0.15,1.2145138339838013
gpt-6-luna-medium,dev,banking77-train-5408,request_refund,needs_review,False,0.98,,0.05,1.462787083000876
gpt-6-luna-none,dev,banking77-train-2786,transfer_not_received_by_recipient,transfer_not_received_by_recipient,True,0.95,,0.96,1.5684315420221537
gpt-6-luna-none,dev,banking77-train-2706,transfer_not_received_by_recipient,needs_review,False,0.99,,0.1,1.3056202919688076
gpt-6-luna-medium,dev,banking77-train-5508,request_refund,request_refund,True,0.78,,0.82,3.02117708302103
gpt-6-luna-none,dev,banking77-train-2802,transfer_not_received_by_recipient,transfer_not_received_by_recipient,True,0.94,,0.95,1.1225667080143467
gpt-6-luna-none,dev,banking77-train-2778,transfer_not_received_by_recipient,transfer_not_received_by_recipient,True,0.98,,0.99,1.0500787500059232
gpt-6-luna-medium,dev,banking77-train-5432,request_refund,request_refund,True,0.96,,0.94,1.476083750021644
gpt-6-luna-none,dev,banking77-train-2822,transfer_not_received_by_recipient,transfer_not_received_by_recipient,True,0.92,,0.88,1.4136143339565024
gpt-6-luna-medium,dev,banking77-train-5420,request_refund,needs_review,False,0.98,,0.15,2.0407277500489727
gpt-6-luna-none,dev,banking77-train-2729,transfer_not_received_by_recipient,transfer_not_received_by_recipient,True,0.96,,0.98,1.0948268750216812
gpt-6-luna-none,dev,banking77-train-2852,transfer_not_received_by_recipient,pending_transfer,False,0.77,,0.72,1.3375527909956872
gpt-6-luna-medium,dev,banking77-train-5392,request_refund,request_refund,True,0.98,,0.98,2.2027687919326127
gpt-6-luna-none,dev,banking77-train-2868,transfer_not_received_by_recipient,transfer_not_received_by_recipient,True,0.91,,0.94,1.267701540957205
gpt-6-luna-medium,dev,banking77-train-5422,request_refund,request_refund,True,0.99,,0.99,1.1093104999745265
gpt-6-luna-none,dev,banking77-train-2781,transfer_not_received_by_recipient,transfer_not_received_by_recipient,True,0.87,,0.82,1.202130625024438
gpt-6-luna-none,test,banking77-test-369,card_not_working,card_not_working,True,0.97,,0.98,1.1966405829880387
gpt-6-luna-medium,dev,banking77-train-5476,request_refund,request_refund,True,0.96,,0.98,1.7764742500148714
gpt-6-luna-none,test,banking77-test-368,card_not_working,card_not_working,True,0.39,,0.35,1.458348875050433
gpt-6-luna-medium,dev,banking77-train-5407,request_refund,request_refund,True,0.98,,0.98,1.677542458055541
gpt-6-luna-none,test,banking77-test-380,card_not_working,card_not_working,True,0.98,,0.98,1.4672588339308277
gpt-6-luna-medium,dev,banking77-train-5505,request_refund,request_refund,True,0.98,,0.98,1.2940020830137655
gpt-6-luna-none,test,banking77-test-381,card_not_working,card_not_working,True,0.77,,0.72,1.7793907499872148
gpt-6-luna-medium,dev,banking77-train-5385,request_refund,request_refund,True,0.88,,0.92,3.711986667010933
gpt-6-luna-medium,dev,banking77-train-5739,Refund_not_showing_up,Refund_not_showing_up,True,0.99,,0.99,1.2397875000024214
gpt-6-luna-medium,dev,banking77-train-5824,Refund_not_showing_up,Refund_not_showing_up,True,0.91,,0.94,1.5658783330582082
gpt-6-luna-medium,dev,banking77-train-5762,Refund_not_showing_up,Refund_not_showing_up,True,0.93,,0.96,1.7933545410633087
gpt-6-luna-medium,dev,banking77-train-5742,Refund_not_showing_up,Refund_not_showing_up,True,0.98,,0.98,1.4476501250173897
gpt-6-luna-none,test,banking77-test-396,card_not_working,card_not_working,True,0.58,,0.62,8.260126875014976
gpt-6-luna-none,test,banking77-test-378,card_not_working,card_not_working,True,0.92,,0.95,1.1706546660279855
gpt-6-luna-medium,dev,banking77-train-5722,Refund_not_showing_up,Refund_not_showing_up,True,0.99,,0.99,1.458901165984571
gpt-6-luna-none,test,banking77-test-394,card_not_working,card_not_working,True,0.96,,0.98,1.0452781659550965
gpt-6-luna-medium,dev,banking77-train-5708,Refund_not_showing_up,Refund_not_showing_up,True,0.95,,0.95,1.3477058339631185
gpt-6-luna-none,test,banking77-test-384,card_not_working,card_not_working,True,0.93,,0.96,1.3958134159911424
gpt-6-luna-medium,dev,banking77-train-5675,Refund_not_showing_up,Refund_not_showing_up,True,0.98,,0.98,1.3745140419341624
gpt-6-luna-none,test,banking77-test-387,card_not_working,card_not_working,True,0.92,,0.9,1.7848551250062883
gpt-6-luna-medium,dev,banking77-train-5825,Refund_not_showing_up,Refund_not_showing_up,True,0.98,,0.99,2.201480333926156
gpt-6-luna-none,test,banking77-test-363,card_not_working,card_not_working,True,0.92,,0.95,0.8957165000028908
gpt-6-luna-none,test,banking77-test-397,card_not_working,card_not_working,True,0.75,,0.8,1.4140919169876724
gpt-6-luna-medium,dev,banking77-train-5683,Refund_not_showing_up,Refund_not_showing_up,True,0.76,,0.82,2.300458375015296
gpt-6-luna-none,test,banking77-test-393,card_not_working,card_not_working,True,0.94,,0.96,0.9600293750409037
gpt-6-luna-medium,dev,banking77-train-5709,Refund_not_showing_up,Refund_not_showing_up,True,0.96,,0.98,2.859435167047195
gpt-6-luna-none,test,banking77-test-364,card_not_working,card_not_working,True,0.96,,0.95,3.522814959054813
gpt-6-luna-none,test,banking77-test-372,card_not_working,card_not_working,True,0.9,,0.9,1.0523036250378937
gpt-6-luna-medium,dev,banking77-train-6072,pending_transfer,needs_review,False,0.94,,0.96,3.423481540987268
gpt-6-luna-none,test,banking77-test-395,card_not_working,card_not_working,True,0.96,,0.96,1.5386599170742556
gpt-6-luna-none,test,banking77-test-398,card_not_working,card_not_working,True,0.91,,0.93,1.57418941706419
gpt-6-luna-medium,dev,banking77-train-6055,pending_transfer,pending_transfer,True,0.95,,0.95,2.0936244999757037
gpt-6-luna-none,test,banking77-test-374,card_not_working,card_not_working,True,0.91,,0.91,1.193171584047377
gpt-6-luna-medium,dev,banking77-train-6099,pending_transfer,pending_transfer,True,0.98,,0.99,1.1309503329684958
gpt-6-luna-none,test,banking77-test-376,card_not_working,card_not_working,True,0.96,,0.95,1.152089916053228
gpt-6-luna-none,test,banking77-test-392,card_not_working,card_not_working,True,0.96,,0.98,1.1770341249648482
gpt-6-luna-medium,dev,banking77-train-6058,pending_transfer,transfer_not_received_by_recipient,False,0.96,,0.98,2.019003957975656
gpt-6-luna-medium,dev,banking77-train-6048,pending_transfer,pending_transfer,True,0.99,,0.99,1.1235298339743167
gpt-6-luna-none,test,banking77-test-399,card_not_working,card_not_working,True,0.89,,0.94,1.2899927919497713
gpt-6-luna-medium,dev,banking77-train-6003,pending_transfer,pending_transfer,True,0.98,,0.99,1.080893750069663
gpt-6-luna-none,test,banking77-test-572,contactless_not_working,contactless_not_working,True,1.0,,1.0,3.956621209043078
gpt-6-luna-medium,dev,banking77-train-6073,pending_transfer,transfer_not_received_by_recipient,False,0.88,,0.91,3.6466128330212086
gpt-6-luna-none,test,banking77-test-581,contactless_not_working,contactless_not_working,True,1.0,,1.0,1.5357954170322046
gpt-6-luna-none,test,banking77-test-582,contactless_not_working,contactless_not_working,True,1.0,,1.0,0.8843898329650983
gpt-6-luna-medium,dev,banking77-train-6082,pending_transfer,pending_transfer,True,0.94,,0.96,2.3822636670665815
gpt-6-luna-none,test,banking77-test-584,contactless_not_working,contactless_not_working,True,0.99,,0.99,0.948530749999918
gpt-6-luna-none,test,banking77-test-574,contactless_not_working,contactless_not_working,True,0.78,,0.85,1.1760621659923345
gpt-6-luna-medium,dev,banking77-train-6077,pending_transfer,pending_transfer,True,0.94,,0.94,2.4713424160145223
gpt-6-luna-none,test,banking77-test-560,contactless_not_working,contactless_not_working,True,0.58,,0.35,1.2880975410807878
gpt-6-luna-none,test,banking77-test-569,contactless_not_working,contactless_not_working,True,0.99,,0.99,1.1896787920268252
gpt-6-luna-none,test,banking77-test-570,contactless_not_working,contactless_not_working,True,1.0,,1.0,1.5230620830552652
gpt-6-luna-medium,dev,banking77-train-6079,pending_transfer,pending_transfer,True,0.99,,0.99,3.455870374920778
gpt-6-luna-none,test,banking77-test-579,contactless_not_working,contactless_not_working,True,0.99,,0.99,1.2525361670413986
gpt-6-luna-medium,dev,banking77-train-7429,failed_transfer,failed_transfer,True,0.98,,0.99,1.2469187080860138
gpt-6-luna-none,test,banking77-test-568,contactless_not_working,contactless_not_working,True,0.99,,0.99,1.4717898749513552
gpt-6-luna-medium,dev,banking77-train-7448,failed_transfer,failed_transfer,True,0.98,,0.99,1.5259702500188723
gpt-6-luna-none,test,banking77-test-578,contactless_not_working,contactless_not_working,True,1.0,,1.0,1.1350153340026736
gpt-6-luna-none,test,banking77-test-594,contactless_not_working,contactless_not_working,True,1.0,,1.0,1.274678541929461
gpt-6-luna-none,test,banking77-test-567,contactless_not_working,contactless_not_working,True,0.99,,0.99,1.1595573750091717
gpt-6-luna-none,test,banking77-test-576,contactless_not_working,contactless_not_working,True,0.99,,0.99,1.049189665936865
gpt-6-luna-medium,dev,banking77-train-7480,failed_transfer,needs_review,False,0.86,,0.24,4.526263417094015
gpt-6-luna-none,test,banking77-test-563,contactless_not_working,contactless_not_working,True,1.0,,1.0,1.1429141249973327
gpt-6-luna-medium,dev,banking77-train-7447,failed_transfer,needs_review,False,0.87,,0.28,2.326276124920696
gpt-6-luna-none,test,banking77-test-598,contactless_not_working,needs_review,False,0.98,,0.95,1.6581475420389324
gpt-6-luna-none,test,banking77-test-575,contactless_not_working,contactless_not_working,True,1.0,,1.0,1.1342453330289572
gpt-6-luna-medium,dev,banking77-train-7481,failed_transfer,failed_transfer,True,0.92,,0.96,1.5148441250203177
gpt-6-luna-none,test,banking77-test-588,contactless_not_working,contactless_not_working,True,0.99,,0.99,0.9947526250034571
gpt-6-luna-medium,dev,banking77-train-7518,failed_transfer,needs_review,False,0.94,,0.18,2.5344496249454096
gpt-6-luna-none,test,banking77-test-595,contactless_not_working,needs_review,False,0.99,,0.3,2.2608500419883057
gpt-6-luna-none,test,banking77-test-566,contactless_not_working,contactless_not_working,True,0.99,,0.99,1.1810230830451474
gpt-6-luna-medium,dev,banking77-train-7436,failed_transfer,failed_transfer,True,0.96,,0.98,2.3603218749631196
gpt-6-luna-none,test,banking77-test-2530,virtual_card_not_working,virtual_card_not_working,True,1.0,,1.0,1.10060283401981
gpt-6-luna-none,test,banking77-test-2541,virtual_card_not_working,virtual_card_not_working,True,0.99,,0.99,1.5194923329399899
gpt-6-luna-medium,dev,banking77-train-7428,failed_transfer,needs_review,False,0.92,,0.18,2.6534565000329167
gpt-6-luna-none,test,banking77-test-2542,virtual_card_not_working,virtual_card_not_working,True,0.98,,0.99,1.4348415409913287
gpt-6-luna-none,test,banking77-test-2543,virtual_card_not_working,virtual_card_not_working,True,0.99,,0.99,1.2012974999379367
gpt-6-luna-medium,dev,banking77-train-7497,failed_transfer,needs_review,False,0.98,,0.05,1.861633208929561
gpt-6-luna-none,test,banking77-test-2556,virtual_card_not_working,virtual_card_not_working,True,0.99,,0.99,1.419313249993138
gpt-6-luna-medium,dev,banking77-train-7544,failed_transfer,failed_transfer,True,0.75,,0.8,2.6399404580006376
gpt-6-luna-medium,dev,banking77-train-2755,transfer_not_received_by_recipient,needs_review,False,0.97,,0.08,1.5366428750567138
gpt-6-luna-none,test,banking77-test-2546,virtual_card_not_working,declined_card_payment,False,0.99,,0.99,3.687371958978474
gpt-6-luna-medium,dev,banking77-train-2786,transfer_not_received_by_recipient,transfer_not_received_by_recipient,True,0.94,,0.96,1.720535625005141
gpt-6-luna-none,test,banking77-test-2550,virtual_card_not_working,virtual_card_not_working,True,0.98,,0.99,1.178340082988143
gpt-6-luna-medium,dev,banking77-train-2706,transfer_not_received_by_recipient,needs_review,False,0.98,,0.05,1.5220870421035215
gpt-6-luna-none,test,banking77-test-2538,virtual_card_not_working,declined_card_payment,False,0.99,,0.99,1.2348329169908538
gpt-6-luna-none,test,banking77-test-2525,virtual_card_not_working,declined_card_payment,False,0.9,,0.96,1.5548833749489859
gpt-6-luna-medium,dev,banking77-train-2802,transfer_not_received_by_recipient,transfer_not_received_by_recipient,True,0.94,,0.96,1.7113951669307426
gpt-6-luna-none,test,banking77-test-2551,virtual_card_not_working,declined_card_payment,False,0.97,,0.99,1.5028619159711525
gpt-6-luna-medium,dev,banking77-train-2778,transfer_not_received_by_recipient,transfer_not_received_by_recipient,True,0.98,,0.99,1.8028981670504436
gpt-6-luna-none,test,banking77-test-2528,virtual_card_not_working,virtual_card_not_working,True,0.99,,0.99,1.8062457910273224
gpt-6-luna-medium,dev,banking77-train-2822,transfer_not_received_by_recipient,transfer_not_received_by_recipient,True,0.94,,0.94,1.9667104999534786
gpt-6-luna-none,test,banking77-test-2553,virtual_card_not_working,declined_card_payment,False,0.98,,0.98,1.0448608750011772
gpt-6-luna-medium,dev,banking77-train-2729,transfer_not_received_by_recipient,transfer_not_received_by_recipient,True,0.96,,0.98,1.6279883329989389
gpt-6-luna-none,test,banking77-test-2554,virtual_card_not_working,virtual_card_not_working,True,1.0,,1.0,1.2157629589783028
gpt-6-luna-none,test,banking77-test-2548,virtual_card_not_working,declined_card_payment,False,0.98,,0.99,1.4917180839693174
gpt-6-luna-medium,dev,banking77-train-2852,transfer_not_received_by_recipient,pending_transfer,False,0.78,,0.78,2.5579190420685336
gpt-6-luna-none,test,banking77-test-2540,virtual_card_not_working,virtual_card_not_working,True,0.99,,0.99,1.4720114159863442
gpt-6-luna-none,test,banking77-test-2526,virtual_card_not_working,virtual_card_not_working,True,0.73,,0.82,1.2953391670016572
gpt-6-luna-none,test,banking77-test-2549,virtual_card_not_working,virtual_card_not_working,True,1.0,,1.0,0.9562702500261366
gpt-6-luna-medium,dev,banking77-train-2868,transfer_not_received_by_recipient,transfer_not_received_by_recipient,True,0.76,,0.85,3.2307252919999883
gpt-6-luna-none,test,banking77-test-2559,virtual_card_not_working,virtual_card_not_working,True,1.0,,1.0,0.912078749970533
gpt-6-luna-none,test,banking77-test-2555,virtual_card_not_working,virtual_card_not_working,True,0.99,,0.99,1.2989328750409186
gpt-6-luna-medium,dev,banking77-train-2781,transfer_not_received_by_recipient,transfer_not_received_by_recipient,True,0.96,,0.95,2.0469236250501126
gpt-6-luna-none,test,banking77-test-2537,virtual_card_not_working,virtual_card_not_working,True,0.99,,0.99,1.419107582885772
gpt-6-luna-medium,test,banking77-test-369,card_not_working,card_not_working,True,0.95,,0.95,1.2525399590376765
gpt-6-luna-none,test,banking77-test-1829,declined_card_payment,declined_card_payment,True,1.0,,1.0,1.1268480829894543
gpt-6-luna-none,test,banking77-test-1821,declined_card_payment,declined_card_payment,True,0.78,,0.82,0.856140041956678
gpt-6-luna-none,test,banking77-test-1830,declined_card_payment,declined_card_payment,True,0.95,,0.95,1.2020067089470103
gpt-6-luna-medium,test,banking77-test-368,card_not_working,needs_review,False,0.91,,0.18,3.420266916975379
gpt-6-luna-none,test,banking77-test-1825,declined_card_payment,needs_review,False,0.92,,0.15,1.6121456669643521
gpt-6-luna-medium,test,banking77-test-380,card_not_working,card_not_working,True,0.98,,0.98,1.2649579170392826
gpt-6-luna-none,test,banking77-test-1831,declined_card_payment,declined_card_payment,True,1.0,,1.0,1.6269815830746666
gpt-6-luna-medium,test,banking77-test-381,card_not_working,needs_review,False,0.98,,0.03,2.3825492919422686
gpt-6-luna-none,test,banking77-test-1822,declined_card_payment,declined_card_payment,True,0.98,,0.99,0.8751372919650748
gpt-6-luna-none,test,banking77-test-1828,declined_card_payment,declined_card_payment,True,0.99,,0.99,1.0180041249841452
gpt-6-luna-none,test,banking77-test-1836,declined_card_payment,declined_card_payment,True,0.98,,0.98,1.2798513749148697
gpt-6-luna-medium,test,banking77-test-396,card_not_working,needs_review,False,0.91,,0.12,2.753667874960229
gpt-6-luna-none,test,banking77-test-1819,declined_card_payment,declined_card_payment,True,0.96,,0.95,1.2369800410233438
gpt-6-luna-medium,test,banking77-test-378,card_not_working,card_not_working,True,0.96,,0.98,1.6415949170477688
gpt-6-luna-none,test,banking77-test-1811,declined_card_payment,declined_card_payment,True,0.99,,0.99,1.142849333002232
gpt-6-luna-none,test,banking77-test-1839,declined_card_payment,declined_card_payment,True,0.98,,0.99,0.8358887080103159
gpt-6-luna-medium,test,banking77-test-394,card_not_working,card_not_working,True,0.96,,0.98,1.3590812080074102
gpt-6-luna-none,test,banking77-test-1809,declined_card_payment,declined_card_payment,True,0.99,,0.99,1.1527758329175413
gpt-6-luna-medium,test,banking77-test-384,card_not_working,card_not_working,True,0.92,,0.95,1.970628667040728
gpt-6-luna-none,test,banking77-test-1817,declined_card_payment,declined_card_payment,True,0.72,,0.78,1.7411584170768037
gpt-6-luna-none,test,banking77-test-1832,declined_card_payment,declined_card_payment,True,0.99,,0.99,1.1424724590033293
gpt-6-luna-medium,test,banking77-test-387,card_not_working,card_not_working,True,0.78,,0.82,2.4875032920390368
gpt-6-luna-none,test,banking77-test-1814,declined_card_payment,needs_review,False,0.84,,0.31,1.4664224589942023
gpt-6-luna-none,test,banking77-test-1815,declined_card_payment,declined_card_payment,True,0.82,,0.9,1.2943130420753732
gpt-6-luna-medium,test,banking77-test-363,card_not_working,card_not_working,True,0.82,,0.84,3.1453300840221345
gpt-6-luna-none,test,banking77-test-1826,declined_card_payment,declined_card_payment,True,0.99,,0.99,1.1492585419910029
gpt-6-luna-none,test,banking77-test-1820,declined_card_payment,needs_review,False,0.96,,0.15,1.2864924169844016
gpt-6-luna-none,test,banking77-test-1806,declined_card_payment,declined_card_payment,True,0.97,,0.98,1.1369679999770597
gpt-6-luna-medium,test,banking77-test-397,card_not_working,needs_review,False,0.85,,0.25,3.5902499170042574
gpt-6-luna-none,test,banking77-test-1810,declined_card_payment,declined_card_payment,True,0.99,,0.99,1.1368754169670865
gpt-6-luna-medium,test,banking77-test-393,card_not_working,card_not_working,True,0.88,,0.95,1.4672439170535654
gpt-6-luna-none,test,banking77-test-1634,pending_card_payment,needs_review,False,0.97,,0.05,1.4775297089945525
gpt-6-luna-none,test,banking77-test-1632,pending_card_payment,pending_card_payment,True,0.62,,0.55,1.3379330839961767
gpt-6-luna-medium,test,banking77-test-364,card_not_working,card_not_working,True,0.91,,0.92,1.8590701669454575
gpt-6-luna-none,test,banking77-test-1603,pending_card_payment,needs_review,False,0.95,,0.2,1.208248042035848
gpt-6-luna-medium,test,banking77-test-372,card_not_working,card_not_working,True,0.96,,0.98,1.2270092500839382
gpt-6-luna-none,test,banking77-test-1613,pending_card_payment,pending_card_payment,True,0.95,,0.95,1.6059261249611154
gpt-6-luna-none,test,banking77-test-1623,pending_card_payment,needs_review,False,0.99,,0.15,1.2706315839895979
gpt-6-luna-medium,test,banking77-test-395,card_not_working,card_not_working,True,0.83,,0.88,3.4326787089230493
gpt-6-luna-none,test,banking77-test-1617,pending_card_payment,pending_card_payment,True,0.95,,0.95,1.324032458011061
gpt-6-luna-none,test,banking77-test-1609,pending_card_payment,pending_card_payment,True,0.97,,0.99,1.2754225420067087
gpt-6-luna-medium,test,banking77-test-398,card_not_working,card_not_working,True,0.83,,0.82,2.7953387079760432
gpt-6-luna-none,test,banking77-test-1610,pending_card_payment,pending_card_payment,True,0.58,,0.42,1.2663344170432538
gpt-6-luna-none,test,banking77-test-1604,pending_card_payment,pending_card_payment,True,0.99,,0.99,1.344672541017644
gpt-6-luna-medium,test,banking77-test-374,card_not_working,card_not_working,True,0.88,,0.86,2.1551864580251276
gpt-6-luna-none,test,banking77-test-1608,pending_card_payment,needs_review,False,0.97,,0.25,1.732451832969673
gpt-6-luna-medium,test,banking77-test-376,card_not_working,card_not_working,True,0.9,,0.9,1.832202917081304
gpt-6-luna-none,test,banking77-test-1601,pending_card_payment,pending_card_payment,True,0.48,,0.42,1.4023732501082122
gpt-6-luna-medium,test,banking77-test-392,card_not_working,card_not_working,True,0.96,,0.95,2.0183306250255555
gpt-6-luna-none,test,banking77-test-1630,pending_card_payment,needs_review,False,0.95,,0.3,1.7980201250175014
gpt-6-luna-none,test,banking77-test-1635,pending_card_payment,pending_card_payment,True,0.52,,0.38,1.3389659590320662
gpt-6-luna-none,test,banking77-test-1600,pending_card_payment,pending_card_payment,True,0.98,,0.99,1.5680239589419216
gpt-6-luna-medium,test,banking77-test-399,card_not_working,card_not_working,True,0.92,,0.96,3.553538083913736
gpt-6-luna-none,test,banking77-test-1624,pending_card_payment,pending_card_payment,True,0.99,,0.99,1.2800048340577632
gpt-6-luna-medium,test,banking77-test-572,contactless_not_working,contactless_not_working,True,1.0,,1.0,2.007424708106555
gpt-6-luna-none,test,banking77-test-1616,pending_card_payment,needs_review,False,0.98,,0.2,1.3327283340040594
gpt-6-luna-none,test,banking77-test-1611,pending_card_payment,pending_card_payment,True,0.99,,0.99,1.2885311669670045
gpt-6-luna-medium,test,banking77-test-581,contactless_not_working,contactless_not_working,True,0.99,,0.99,1.893861374934204
gpt-6-luna-none,test,banking77-test-1605,pending_card_payment,needs_review,False,0.93,,0.2,1.4778239169390872
gpt-6-luna-medium,test,banking77-test-582,contactless_not_working,contactless_not_working,True,0.99,,0.99,1.422203041962348
gpt-6-luna-none,test,banking77-test-1637,pending_card_payment,pending_card_payment,True,0.98,,0.99,1.217844667029567
gpt-6-luna-medium,test,banking77-test-584,contactless_not_working,contactless_not_working,True,0.99,,0.99,1.5825842909980565
gpt-6-luna-none,test,banking77-test-1621,pending_card_payment,pending_card_payment,True,0.94,,0.96,1.4113920830423012
gpt-6-luna-none,test,banking77-test-1103,card_payment_not_recognised,card_payment_not_recognised,True,0.94,,0.93,1.091117416974157
gpt-6-luna-medium,test,banking77-test-574,contactless_not_working,contactless_not_working,True,0.84,,0.91,2.5703307079384103
gpt-6-luna-none,test,banking77-test-1114,card_payment_not_recognised,needs_review,False,0.95,,0.15,0.9568896669661626
gpt-6-luna-none,test,banking77-test-1084,card_payment_not_recognised,card_payment_not_recognised,True,0.88,,0.75,1.0779737499542534
gpt-6-luna-medium,test,banking77-test-560,contactless_not_working,needs_review,False,0.96,,0.98,2.316262500011362
gpt-6-luna-none,test,banking77-test-1087,card_payment_not_recognised,card_payment_not_recognised,True,0.99,,0.99,1.119839416933246
gpt-6-luna-medium,test,banking77-test-569,contactless_not_working,contactless_not_working,True,0.99,,0.99,1.4459729159716517
gpt-6-luna-medium,test,banking77-test-570,contactless_not_working,contactless_not_working,True,0.99,,0.99,1.5142648750916123
gpt-6-luna-none,test,banking77-test-1081,card_payment_not_recognised,card_payment_not_recognised,True,0.99,,0.99,2.9649817909812555
gpt-6-luna-medium,test,banking77-test-579,contactless_not_working,contactless_not_working,True,0.99,,1.0,1.4501867919461802
gpt-6-luna-none,test,banking77-test-1095,card_payment_not_recognised,card_payment_not_recognised,True,0.95,,0.9,1.8338578749680892
gpt-6-luna-medium,test,banking77-test-568,contactless_not_working,contactless_not_working,True,0.99,,0.99,1.499747792026028
gpt-6-luna-none,test,banking77-test-1118,card_payment_not_recognised,card_payment_not_recognised,True,0.94,,0.88,1.3700843750266358
gpt-6-luna-medium,test,banking77-test-578,contactless_not_working,contactless_not_working,True,1.0,,1.0,1.7499668749514967
gpt-6-luna-none,test,banking77-test-1090,card_payment_not_recognised,card_payment_not_recognised,True,0.96,,0.98,1.4244502499932423
gpt-6-luna-medium,test,banking77-test-594,contactless_not_working,contactless_not_working,True,0.99,,0.99,1.3079263330437243
gpt-6-luna-none,test,banking77-test-1116,card_payment_not_recognised,card_payment_not_recognised,True,0.95,,0.95,1.0733916249591857
gpt-6-luna-none,test,banking77-test-1097,card_payment_not_recognised,card_payment_not_recognised,True,0.99,,0.99,1.0307060410268605
gpt-6-luna-medium,test,banking77-test-567,contactless_not_working,contactless_not_working,True,0.99,,0.99,1.5694830829743296
gpt-6-luna-medium,test,banking77-test-576,contactless_not_working,contactless_not_working,True,0.99,,0.99,1.3401112910360098
gpt-6-luna-none,test,banking77-test-1099,card_payment_not_recognised,card_payment_not_recognised,True,0.95,,0.95,1.962384167010896
gpt-6-luna-medium,test,banking77-test-563,contactless_not_working,contactless_not_working,True,0.99,,0.99,1.4126931669889018
gpt-6-luna-none,test,banking77-test-1085,card_payment_not_recognised,card_payment_not_recognised,True,0.99,,0.99,1.5836223750375211
gpt-6-luna-none,test,banking77-test-1086,card_payment_not_recognised,card_payment_not_recognised,True,0.97,,0.96,1.3359450000571087
gpt-6-luna-none,test,banking77-test-1082,card_payment_not_recognised,card_payment_not_recognised,True,0.96,,0.95,1.9240432500373572
gpt-6-luna-medium,test,banking77-test-598,contactless_not_working,needs_review,False,0.98,,0.98,3.8037339160218835
gpt-6-luna-none,test,banking77-test-1115,card_payment_not_recognised,card_payment_not_recognised,True,0.74,,0.63,1.5316179170040414
gpt-6-luna-medium,test,banking77-test-575,contactless_not_working,contactless_not_working,True,1.0,,1.0,1.320821583038196
gpt-6-luna-none,test,banking77-test-1108,card_payment_not_recognised,card_payment_not_recognised,True,0.93,,0.95,1.2919555419357494
gpt-6-luna-medium,test,banking77-test-588,contactless_not_working,contactless_not_working,True,0.99,,0.99,1.6884045420447364
gpt-6-luna-none,test,banking77-test-1100,card_payment_not_recognised,card_payment_not_recognised,True,0.96,,0.94,2.2546750840265304
gpt-6-luna-none,test,banking77-test-1113,card_payment_not_recognised,card_payment_not_recognised,True,0.99,,0.99,0.8760568749858066
gpt-6-luna-medium,test,banking77-test-595,contactless_not_working,needs_review,False,0.99,,0.99,2.7567423339933157
gpt-6-luna-none,test,banking77-test-1094,card_payment_not_recognised,card_payment_not_recognised,True,0.91,,0.94,1.588007958023809
gpt-6-luna-medium,test,banking77-test-566,contactless_not_working,contactless_not_working,True,0.99,,0.99,1.787936499924399
gpt-6-luna-none,test,banking77-test-1083,card_payment_not_recognised,card_payment_not_recognised,True,0.98,,0.98,1.416507791960612
gpt-6-luna-medium,test,banking77-test-2530,virtual_card_not_working,virtual_card_not_working,True,1.0,,1.0,1.3417588329175487
gpt-6-luna-none,test,banking77-test-1995,transaction_charged_twice,transaction_charged_twice,True,0.99,,0.99,1.3105465829139575
gpt-6-luna-medium,test,banking77-test-2541,virtual_card_not_working,virtual_card_not_working,True,1.0,,1.0,1.4248372500296682
gpt-6-luna-none,test,banking77-test-1992,transaction_charged_twice,transaction_charged_twice,True,0.91,,0.94,1.0292591250035912
gpt-6-luna-medium,test,banking77-test-2542,virtual_card_not_working,virtual_card_not_working,True,0.99,,0.99,1.4808991249883547
gpt-6-luna-none,test,banking77-test-1977,transaction_charged_twice,transaction_charged_twice,True,0.97,,0.98,1.5422032920178026
gpt-6-luna-medium,test,banking77-test-2543,virtual_card_not_working,virtual_card_not_working,True,0.99,,0.99,1.8513749160338193
gpt-6-luna-none,test,banking77-test-1991,transaction_charged_twice,transaction_charged_twice,True,0.99,,0.99,1.2068267499562353
gpt-6-luna-none,test,banking77-test-1982,transaction_charged_twice,transaction_charged_twice,True,0.98,,0.98,1.1244929999811575
gpt-6-luna-medium,test,banking77-test-2556,virtual_card_not_working,virtual_card_not_working,True,0.99,,0.99,1.7915731249377131
gpt-6-luna-none,test,banking77-test-1978,transaction_charged_twice,transaction_charged_twice,True,0.98,,0.99,1.7500936669530347
gpt-6-luna-medium,test,banking77-test-2546,virtual_card_not_working,declined_card_payment,False,0.96,,0.99,1.6472661249572411
gpt-6-luna-none,test,banking77-test-1989,transaction_charged_twice,transaction_charged_twice,True,1.0,,1.0,3.9193223749753088
gpt-6-luna-medium,test,banking77-test-2550,virtual_card_not_working,virtual_card_not_working,True,0.99,,0.99,3.52854266599752
gpt-6-luna-none,test,banking77-test-1998,transaction_charged_twice,transaction_charged_twice,True,1.0,,1.0,1.0309163751080632
gpt-6-luna-medium,test,banking77-test-2538,virtual_card_not_working,declined_card_payment,False,0.97,,0.99,2.2799977500690147
gpt-6-luna-none,test,banking77-test-1984,transaction_charged_twice,transaction_charged_twice,True,0.98,,0.99,1.9067142499843612
gpt-6-luna-none,test,banking77-test-1963,transaction_charged_twice,transaction_charged_twice,True,0.98,,0.99,1.7593735420377925
gpt-6-luna-medium,test,banking77-test-2525,virtual_card_not_working,virtual_card_not_working,True,0.82,,0.95,3.15256962494459
gpt-6-luna-none,test,banking77-test-1965,transaction_charged_twice,transaction_charged_twice,True,0.99,,0.99,0.8985331249423325
gpt-6-luna-medium,test,banking77-test-2551,virtual_card_not_working,declined_card_payment,False,0.97,,0.99,3.0969215830555186
gpt-6-luna-none,test,banking77-test-1967,transaction_charged_twice,transaction_charged_twice,True,0.98,,0.99,2.9108547079376876
gpt-6-luna-none,test,banking77-test-1990,transaction_charged_twice,transaction_charged_twice,True,0.99,,0.99,1.205968499998562
gpt-6-luna-medium,test,banking77-test-2528,virtual_card_not_working,virtual_card_not_working,True,0.99,,0.99,1.418353334069252
gpt-6-luna-none,test,banking77-test-1993,transaction_charged_twice,transaction_charged_twice,True,0.91,,0.95,1.6490874589653686
gpt-6-luna-none,test,banking77-test-1983,transaction_charged_twice,transaction_charged_twice,True,0.99,,0.99,1.1437788330949843
gpt-6-luna-medium,test,banking77-test-2553,virtual_card_not_working,declined_card_payment,False,0.91,,0.99,2.999702667002566
gpt-6-luna-medium,test,banking77-test-2554,virtual_card_not_working,virtual_card_not_working,True,0.99,,0.99,1.1660836660303175
gpt-6-luna-none,test,banking77-test-1996,transaction_charged_twice,transaction_charged_twice,True,0.96,,0.98,1.5749769579852
gpt-6-luna-none,test,banking77-test-1985,transaction_charged_twice,transaction_charged_twice,True,0.94,,0.96,3.8086772499373183
gpt-6-luna-medium,test,banking77-test-2548,virtual_card_not_working,declined_card_payment,False,0.98,,0.99,3.814634207985364
gpt-6-luna-medium,test,banking77-test-2540,virtual_card_not_working,virtual_card_not_working,True,1.0,,1.0,1.1053165000630543
gpt-6-luna-none,test,banking77-test-1981,transaction_charged_twice,transaction_charged_twice,True,0.97,,0.98,1.6293332090135664
gpt-6-luna-none,test,banking77-test-1980,transaction_charged_twice,transaction_charged_twice,True,0.96,,0.95,1.4840972910169512
gpt-6-luna-medium,test,banking77-test-2526,virtual_card_not_working,virtual_card_not_working,True,0.9,,0.96,2.010272499988787
gpt-6-luna-none,test,banking77-test-1964,transaction_charged_twice,transaction_charged_twice,True,0.96,,0.95,1.0185802499763668
gpt-6-luna-medium,test,banking77-test-2549,virtual_card_not_working,virtual_card_not_working,True,1.0,,1.0,1.0739132090238854
gpt-6-luna-medium,test,banking77-test-2559,virtual_card_not_working,virtual_card_not_working,True,1.0,,1.0,2.7509609169792384
gpt-6-luna-none,test,banking77-test-1718,request_refund,request_refund,True,0.92,,0.88,2.8132636660011485
gpt-6-luna-none,test,banking77-test-1716,request_refund,request_refund,True,0.98,,0.98,1.244034375064075
gpt-6-luna-medium,test,banking77-test-2555,virtual_card_not_working,virtual_card_not_working,True,0.99,,0.99,1.6265943329781294
gpt-6-luna-none,test,banking77-test-1717,request_refund,request_refund,True,0.98,,0.98,1.8517032919917256
gpt-6-luna-medium,test,banking77-test-2537,virtual_card_not_working,virtual_card_not_working,True,0.99,,0.99,1.478471041074954
gpt-6-luna-none,test,banking77-test-1707,request_refund,request_refund,True,0.94,,0.95,3.8976494999369606
gpt-6-luna-medium,test,banking77-test-1829,declined_card_payment,declined_card_payment,True,0.99,,0.99,3.9181559160351753
gpt-6-luna-none,test,banking77-test-1701,request_refund,needs_review,False,0.98,,0.12,0.8358948340173811
gpt-6-luna-medium,test,banking77-test-1821,declined_card_payment,needs_review,False,0.92,,0.18,2.3558731250232086
gpt-6-luna-none,test,banking77-test-1682,request_refund,needs_review,False,0.96,,0.12,1.5328426250489429
gpt-6-luna-none,test,banking77-test-1692,request_refund,needs_review,False,0.99,,0.99,0.9208356249146163
gpt-6-luna-none,test,banking77-test-1693,request_refund,request_refund,True,0.97,,0.96,1.4013085420010611
gpt-6-luna-medium,test,banking77-test-1830,declined_card_payment,declined_card_payment,True,0.99,,0.99,2.338504832936451
gpt-6-luna-none,test,banking77-test-1699,request_refund,request_refund,True,0.97,,0.98,1.0156637919135392
gpt-6-luna-medium,test,banking77-test-1825,declined_card_payment,declined_card_payment,True,0.72,,0.72,3.8683992919977754
gpt-6-luna-none,test,banking77-test-1712,request_refund,needs_review,False,0.99,,0.05,2.844345208024606
gpt-6-luna-none,test,banking77-test-1711,request_refund,needs_review,False,0.95,,0.15,1.1054204589454457
gpt-6-luna-medium,test,banking77-test-1831,declined_card_payment,declined_card_payment,True,0.99,,0.99,1.1674297079443932
gpt-6-luna-none,test,banking77-test-1704,request_refund,request_refund,True,0.94,,0.96,1.954452791949734
gpt-6-luna-medium,test,banking77-test-1822,declined_card_payment,declined_card_payment,True,0.99,,0.99,1.8955662079388276
gpt-6-luna-none,test,banking77-test-1681,request_refund,request_refund,True,0.91,,0.88,1.002954417024739
gpt-6-luna-medium,test,banking77-test-1828,declined_card_payment,declined_card_payment,True,0.99,,0.99,3.8219500419218093
gpt-6-luna-none,test,banking77-test-1703,request_refund,request_refund,True,0.91,,0.9,2.7819454999407753
gpt-6-luna-none,test,banking77-test-1708,request_refund,request_refund,True,0.96,,0.95,1.7627396249445155
gpt-6-luna-medium,test,banking77-test-1836,declined_card_payment,declined_card_payment,True,0.94,,0.92,1.7639765000203624
gpt-6-luna-none,test,banking77-test-1705,request_refund,request_refund,True,0.96,,0.96,1.3538637079764158
gpt-6-luna-medium,test,banking77-test-1819,declined_card_payment,declined_card_payment,True,0.85,,0.85,5.2588635419961065
gpt-6-luna-none,test,banking77-test-1696,request_refund,request_refund,True,0.96,,0.98,3.944680375047028
gpt-6-luna-none,test,banking77-test-1694,request_refund,request_refund,True,0.95,,0.95,1.3600096660666168
gpt-6-luna-medium,test,banking77-test-1811,declined_card_payment,declined_card_payment,True,0.99,,0.99,1.5641959169879556
gpt-6-luna-none,test,banking77-test-1713,request_refund,request_refund,True,0.88,,0.92,1.677866957965307
gpt-6-luna-medium,test,banking77-test-1839,declined_card_payment,declined_card_payment,True,0.98,,0.99,1.4640592079376802
gpt-6-luna-none,test,banking77-test-1689,request_refund,needs_review,False,0.99,,0.98,3.7651573750190437
gpt-6-luna-medium,test,banking77-test-1809,declined_card_payment,declined_card_payment,True,0.99,,0.99,3.752624750020914
gpt-6-luna-none,test,banking77-test-1781,Refund_not_showing_up,Refund_not_showing_up,True,0.99,,0.99,0.9322720419149846
gpt-6-luna-medium,test,banking77-test-1817,declined_card_payment,needs_review,False,0.9,,0.2,1.8219682089984417
gpt-6-luna-none,test,banking77-test-1763,Refund_not_showing_up,Refund_not_showing_up,True,0.99,,0.99,2.1608729590661824
gpt-6-luna-medium,test,banking77-test-1832,declined_card_payment,declined_card_payment,True,0.99,,0.99,1.3031990840099752
gpt-6-luna-none,test,banking77-test-1779,Refund_not_showing_up,Refund_not_showing_up,True,0.98,,0.99,0.9691945830127224
gpt-6-luna-none,test,banking77-test-1791,Refund_not_showing_up,Refund_not_showing_up,True,0.96,,0.96,2.8758531670318916
gpt-6-luna-medium,test,banking77-test-1814,declined_card_payment,needs_review,False,0.88,,0.12,3.820611957926303
gpt-6-luna-none,test,banking77-test-1765,Refund_not_showing_up,Refund_not_showing_up,True,0.98,,0.99,0.8963139579864219
gpt-6-luna-medium,test,banking77-test-1815,declined_card_payment,needs_review,False,0.88,,0.22,3.0906047499738634
gpt-6-luna-none,test,banking77-test-1788,Refund_not_showing_up,Refund_not_showing_up,True,0.97,,0.97,3.055725875077769
gpt-6-luna-none,test,banking77-test-1771,Refund_not_showing_up,Refund_not_showing_up,True,0.98,,0.99,2.9990396249340847
gpt-6-luna-medium,test,banking77-test-1826,declined_card_payment,declined_card_payment,True,0.98,,0.99,3.8681273750262335
gpt-6-luna-none,test,banking77-test-1777,Refund_not_showing_up,Refund_not_showing_up,True,0.98,,0.98,1.1462939999764785
gpt-6-luna-medium,test,banking77-test-1820,declined_card_payment,needs_review,False,0.96,,0.08,1.4429172080708668
gpt-6-luna-medium,test,banking77-test-1806,declined_card_payment,declined_card_payment,True,0.99,,0.99,1.7969238749938086
gpt-6-luna-none,test,banking77-test-1795,Refund_not_showing_up,Refund_not_showing_up,True,0.96,,0.94,2.0946287920232862
gpt-6-luna-none,test,banking77-test-1775,Refund_not_showing_up,Refund_not_showing_up,True,0.99,,0.99,0.8257519589969888
gpt-6-luna-none,test,banking77-test-1760,Refund_not_showing_up,Refund_not_showing_up,True,0.99,,0.99,2.876308999955654
gpt-6-luna-medium,test,banking77-test-1810,declined_card_payment,declined_card_payment,True,0.99,,0.99,3.7240143340313807
gpt-6-luna-none,test,banking77-test-1773,Refund_not_showing_up,Refund_not_showing_up,True,0.98,,0.98,1.3372808750718832
gpt-6-luna-none,test,banking77-test-1797,Refund_not_showing_up,Refund_not_showing_up,True,0.99,,0.99,0.8868562499992549
gpt-6-luna-medium,test,banking77-test-1634,pending_card_payment,needs_review,False,0.96,,0.18,2.649060499970801
gpt-6-luna-none,test,banking77-test-1785,Refund_not_showing_up,Refund_not_showing_up,True,0.97,,0.98,2.5086975829908624
gpt-6-luna-medium,test,banking77-test-1632,pending_card_payment,needs_review,False,0.96,,0.18,2.007552749942988
gpt-6-luna-none,test,banking77-test-1761,Refund_not_showing_up,Refund_not_showing_up,True,0.99,,0.99,0.8033193749142811
gpt-6-luna-none,test,banking77-test-1766,Refund_not_showing_up,Refund_not_showing_up,True,0.86,,0.88,3.0357386249816045
gpt-6-luna-medium,test,banking77-test-1603,pending_card_payment,needs_review,False,0.91,,0.18,3.8536769580096006
gpt-6-luna-none,test,banking77-test-1764,Refund_not_showing_up,Refund_not_showing_up,True,0.98,,0.99,1.2839675419963896
gpt-6-luna-medium,test,banking77-test-1613,pending_card_payment,pending_card_payment,True,0.96,,0.98,1.4564867080189288
gpt-6-luna-none,test,banking77-test-1784,Refund_not_showing_up,Refund_not_showing_up,True,0.99,,0.99,1.0949217909947038
gpt-6-luna-none,test,banking77-test-1774,Refund_not_showing_up,Refund_not_showing_up,True,0.98,,0.99,0.878139583976008
gpt-6-luna-medium,test,banking77-test-1623,pending_card_payment,needs_review,False,0.98,,0.05,2.0788453329587355
gpt-6-luna-none,test,banking77-test-1799,Refund_not_showing_up,Refund_not_showing_up,True,0.99,,0.99,1.4884378330316395
gpt-6-luna-medium,test,banking77-test-1617,pending_card_payment,pending_card_payment,True,0.97,,0.99,1.2159827920841053
gpt-6-luna-none,test,banking77-test-1869,pending_transfer,pending_transfer,True,0.99,,0.99,0.9415215830085799
gpt-6-luna-medium,test,banking77-test-1609,pending_card_payment,pending_card_payment,True,0.95,,0.98,3.856106833089143
gpt-6-luna-none,test,banking77-test-1858,pending_transfer,pending_transfer,True,0.87,,0.9,2.9078689579619095
gpt-6-luna-medium,test,banking77-test-1610,pending_card_payment,needs_review,False,0.96,,0.15,1.557869500014931
gpt-6-luna-medium,test,banking77-test-1604,pending_card_payment,pending_card_payment,True,0.99,,0.99,1.564430708065629
gpt-6-luna-none,test,banking77-test-1870,pending_transfer,pending_transfer,True,0.99,,0.99,3.1325878750067204
gpt-6-luna-none,test,banking77-test-1853,pending_transfer,pending_transfer,True,0.98,,0.99,1.0340512089896947
gpt-6-luna-none,test,banking77-test-1876,pending_transfer,needs_review,False,0.88,,0.2,2.738599832984619
gpt-6-luna-medium,test,banking77-test-1608,pending_card_payment,needs_review,False,0.91,,0.18,3.7817806670209393
gpt-6-luna-medium,test,banking77-test-1601,pending_card_payment,needs_review,False,0.98,,0.1,1.7297106670448557
gpt-6-luna-none,test,banking77-test-1856,pending_transfer,pending_transfer,True,0.98,,0.98,2.3935631250496954
gpt-6-luna-medium,test,banking77-test-1630,pending_card_payment,needs_review,False,0.96,,0.12,1.3790604580426589
gpt-6-luna-none,test,banking77-test-1872,pending_transfer,pending_transfer,True,0.96,,0.99,1.2569837920600548
gpt-6-luna-medium,test,banking77-test-1635,pending_card_payment,needs_review,False,0.96,,0.12,1.6725175000028685
gpt-6-luna-none,test,banking77-test-1860,pending_transfer,pending_transfer,True,0.97,,0.96,1.5228416250320151
gpt-6-luna-medium,test,banking77-test-1600,pending_card_payment,pending_card_payment,True,0.96,,0.98,2.928472082945518
gpt-6-luna-none,test,banking77-test-1844,pending_transfer,pending_transfer,True,1.0,,1.0,2.5413187079830095
gpt-6-luna-none,test,banking77-test-1873,pending_transfer,pending_transfer,True,0.99,,0.99,0.9300986670423299
gpt-6-luna-medium,test,banking77-test-1624,pending_card_payment,pending_card_payment,True,0.99,,0.99,1.9120401249965653
gpt-6-luna-none,test,banking77-test-1852,pending_transfer,pending_transfer,True,0.99,,0.99,1.2005044589750469
gpt-6-luna-none,test,banking77-test-1868,pending_transfer,needs_review,False,0.96,,0.18,1.2724165830295533
gpt-6-luna-medium,test,banking77-test-1616,pending_card_payment,needs_review,False,0.98,,0.05,1.739671624964103
gpt-6-luna-none,test,banking77-test-1875,pending_transfer,pending_transfer,True,0.96,,0.94,1.63659125007689
gpt-6-luna-medium,test,banking77-test-1611,pending_card_payment,pending_card_payment,True,0.98,,0.99,1.6800255419220775
gpt-6-luna-none,test,banking77-test-1857,pending_transfer,pending_transfer,True,0.86,,0.9,0.9482142500346527
gpt-6-luna-medium,test,banking77-test-1605,pending_card_payment,needs_review,False,0.98,,0.1,1.3422716250643134
gpt-6-luna-none,test,banking77-test-1854,pending_transfer,pending_transfer,True,0.99,,0.99,1.295613499940373
gpt-6-luna-medium,test,banking77-test-1637,pending_card_payment,pending_card_payment,True,0.98,,0.99,1.3488617079565302
gpt-6-luna-none,test,banking77-test-1842,pending_transfer,pending_transfer,True,0.87,,0.78,1.5946849579922855
gpt-6-luna-medium,test,banking77-test-1621,pending_card_payment,pending_card_payment,True,0.94,,0.96,1.4167283340357244
gpt-6-luna-none,test,banking77-test-1849,pending_transfer,pending_transfer,True,0.99,,0.99,1.432668250054121
gpt-6-luna-none,test,banking77-test-1879,pending_transfer,needs_review,False,0.95,,0.2,0.8785790000110865
gpt-6-luna-medium,test,banking77-test-1103,card_payment_not_recognised,card_payment_not_recognised,True,0.97,,0.98,2.195407500024885
gpt-6-luna-none,test,banking77-test-1848,pending_transfer,pending_transfer,True,0.99,,0.99,1.6112536250147969
gpt-6-luna-none,test,banking77-test-1845,pending_transfer,pending_transfer,True,0.98,,0.99,1.0841673329705372
gpt-6-luna-medium,test,banking77-test-1114,card_payment_not_recognised,needs_review,False,0.95,,0.0,2.5087768340017647
gpt-6-luna-none,test,banking77-test-2284,failed_transfer,failed_transfer,True,0.98,,0.99,1.0969684580340981
gpt-6-luna-none,test,banking77-test-2303,failed_transfer,needs_review,False,0.94,,0.15,1.5129468329250813
gpt-6-luna-none,test,banking77-test-2297,failed_transfer,failed_transfer,True,0.98,,0.99,1.2064960419666022
gpt-6-luna-medium,test,banking77-test-1084,card_payment_not_recognised,needs_review,False,0.78,,0.32,3.8032012920593843
gpt-6-luna-none,test,banking77-test-2283,failed_transfer,failed_transfer,True,0.72,,0.76,1.049324958003126
gpt-6-luna-medium,test,banking77-test-1087,card_payment_not_recognised,card_payment_not_recognised,True,0.99,,0.99,1.8924812090117484
gpt-6-luna-none,test,banking77-test-2298,failed_transfer,failed_transfer,True,0.98,,0.99,1.4047489579534158
gpt-6-luna-none,test,banking77-test-2312,failed_transfer,needs_review,False,0.92,,0.2,1.2754367910092697
gpt-6-luna-medium,test,banking77-test-1081,card_payment_not_recognised,card_payment_not_recognised,True,0.99,,1.0,1.73359708301723
gpt-6-luna-none,test,banking77-test-2310,failed_transfer,needs_review,False,0.91,,0.18,1.1896952909883112
gpt-6-luna-medium,test,banking77-test-1095,card_payment_not_recognised,card_payment_not_recognised,True,0.9,,0.88,2.443467375007458
gpt-6-luna-none,test,banking77-test-2314,failed_transfer,failed_transfer,True,0.72,,0.8,1.8711428750539199
gpt-6-luna-none,test,banking77-test-2288,failed_transfer,needs_review,False,0.96,,0.12,1.156200124998577
gpt-6-luna-medium,test,banking77-test-1118,card_payment_not_recognised,needs_review,False,0.91,,0.24,2.62730129098054
gpt-6-luna-none,test,banking77-test-2316,failed_transfer,needs_review,False,0.94,,0.15,1.5083037910517305
gpt-6-luna-none,test,banking77-test-2290,failed_transfer,needs_review,False,0.96,,0.15,0.9122878330526873
gpt-6-luna-medium,test,banking77-test-1090,card_payment_not_recognised,card_payment_not_recognised,True,0.96,,0.98,2.3783283330267295
gpt-6-luna-none,test,banking77-test-2289,failed_transfer,failed_transfer,True,0.91,,0.88,1.561632708995603
gpt-6-luna-medium,test,banking77-test-1116,card_payment_not_recognised,card_payment_not_recognised,True,0.98,,0.98,1.5704890829510987
gpt-6-luna-none,test,banking77-test-2294,failed_transfer,failed_transfer,True,0.96,,0.98,1.0702099580084905
gpt-6-luna-medium,test,banking77-test-1097,card_payment_not_recognised,card_payment_not_recognised,True,1.0,,1.0,1.4107262500328943
gpt-6-luna-none,test,banking77-test-2305,failed_transfer,needs_review,False,0.96,,0.18,1.2853635419160128
gpt-6-luna-none,test,banking77-test-2295,failed_transfer,needs_review,False,0.88,,0.34,2.4559601659420878
gpt-6-luna-medium,test,banking77-test-1099,card_payment_not_recognised,needs_review,False,0.76,,0.35,3.115154708037153
gpt-6-luna-none,test,banking77-test-2304,failed_transfer,needs_review,False,0.96,,0.18,0.9806793330935761
gpt-6-luna-medium,test,banking77-test-1085,card_payment_not_recognised,card_payment_not_recognised,True,0.99,,0.99,1.5709852499421686
gpt-6-luna-none,test,banking77-test-2308,failed_transfer,failed_transfer,True,0.62,,0.58,1.508532666019164
gpt-6-luna-none,test,banking77-test-2280,failed_transfer,failed_transfer,True,0.98,,0.99,1.0667389169102535
gpt-6-luna-none,test,banking77-test-2306,failed_transfer,needs_review,False,0.99,,0.99,1.0060622079763561
gpt-6-luna-medium,test,banking77-test-1086,card_payment_not_recognised,needs_review,False,0.78,,0.35,3.0664545830804855
gpt-6-luna-none,test,banking77-test-2307,failed_transfer,failed_transfer,True,0.99,,0.99,1.042004416929558
gpt-6-luna-none,test,banking77-test-857,transfer_not_received_by_recipient,transfer_not_received_by_recipient,True,0.95,,0.95,1.167838041903451
gpt-6-luna-medium,test,banking77-test-1082,card_payment_not_recognised,needs_review,False,0.82,,0.35,4.454661583062261
gpt-6-luna-medium,test,banking77-test-1115,card_payment_not_recognised,needs_review,False,0.94,,0.15,2.1183687089942396
gpt-6-luna-none,test,banking77-test-879,transfer_not_received_by_recipient,transfer_not_received_by_recipient,True,0.86,,0.88,8.417170332977548
gpt-6-luna-medium,test,banking77-test-1108,card_payment_not_recognised,card_payment_not_recognised,True,0.88,,0.82,3.632490082993172
gpt-6-luna-none,test,banking77-test-866,transfer_not_received_by_recipient,pending_card_payment,False,0.43,,0.35,0.960808250005357
gpt-6-luna-none,test,banking77-test-842,transfer_not_received_by_recipient,needs_review,False,0.88,,0.35,1.4816247920971364
gpt-6-luna-medium,test,banking77-test-1100,card_payment_not_recognised,card_payment_not_recognised,True,0.92,,0.94,2.6068599579157308
gpt-6-luna-none,test,banking77-test-850,transfer_not_received_by_recipient,transfer_not_received_by_recipient,True,0.98,,0.98,1.3048907079501078
gpt-6-luna-medium,test,banking77-test-1113,card_payment_not_recognised,card_payment_not_recognised,True,0.99,,0.99,1.280280000064522
gpt-6-luna-none,test,banking77-test-870,transfer_not_received_by_recipient,transfer_not_received_by_recipient,True,0.96,,0.96,1.3002532089594752
gpt-6-luna-none,test,banking77-test-877,transfer_not_received_by_recipient,transfer_not_received_by_recipient,True,0.98,,0.99,1.0426992910215631
gpt-6-luna-medium,test,banking77-test-1094,card_payment_not_recognised,needs_review,False,0.94,,0.15,2.6477223329711705
gpt-6-luna-none,test,banking77-test-871,transfer_not_received_by_recipient,transfer_not_received_by_recipient,True,0.98,,0.99,1.3987614170182496
gpt-6-luna-medium,test,banking77-test-1083,card_payment_not_recognised,card_payment_not_recognised,True,0.98,,0.99,1.5584574579261243
gpt-6-luna-none,test,banking77-test-868,transfer_not_received_by_recipient,needs_review,False,0.97,,0.15,1.0850013750605285
gpt-6-luna-none,test,banking77-test-862,transfer_not_received_by_recipient,transfer_not_received_by_recipient,True,0.98,,0.99,1.970406207954511
gpt-6-luna-medium,test,banking77-test-1995,transaction_charged_twice,transaction_charged_twice,True,0.99,,0.99,2.526297083008103
gpt-6-luna-none,test,banking77-test-874,transfer_not_received_by_recipient,transfer_not_received_by_recipient,True,0.96,,0.98,1.4110057920916006
gpt-6-luna-medium,test,banking77-test-1992,transaction_charged_twice,transaction_charged_twice,True,0.96,,0.98,1.5769387079635635
gpt-6-luna-none,test,banking77-test-861,transfer_not_received_by_recipient,pending_transfer,False,0.98,,0.99,0.9600519170053303
gpt-6-luna-medium,test,banking77-test-1977,transaction_charged_twice,transaction_charged_twice,True,0.98,,0.98,1.2477692499523982
gpt-6-luna-none,test,banking77-test-859,transfer_not_received_by_recipient,transfer_not_received_by_recipient,True,0.98,,0.98,1.6555208750069141
gpt-6-luna-medium,test,banking77-test-1991,transaction_charged_twice,transaction_charged_twice,True,0.99,,1.0,1.43588899995666
gpt-6-luna-none,test,banking77-test-851,transfer_not_received_by_recipient,pending_transfer,False,0.48,,0.35,1.0504917500074953
gpt-6-luna-medium,test,banking77-test-1982,transaction_charged_twice,transaction_charged_twice,True,0.88,,0.94,2.2351360419997945
gpt-6-luna-none,test,banking77-test-847,transfer_not_received_by_recipient,transfer_not_received_by_recipient,True,0.98,,0.99,1.7223221668973565
gpt-6-luna-none,test,banking77-test-875,transfer_not_received_by_recipient,transfer_not_received_by_recipient,True,0.96,,0.98,1.48259941698052
gpt-6-luna-medium,test,banking77-test-1978,transaction_charged_twice,transaction_charged_twice,True,0.98,,0.99,1.8201907499460503
gpt-6-luna-none,test,banking77-test-872,transfer_not_received_by_recipient,transfer_not_received_by_recipient,True,0.99,,0.99,1.3344939169473946
gpt-6-luna-medium,test,banking77-test-1989,transaction_charged_twice,transaction_charged_twice,True,0.99,,0.99,1.2409540410153568
gpt-6-luna-none,test,banking77-test-849,transfer_not_received_by_recipient,needs_review,False,0.97,,0.1,1.4011724169831723
gpt-6-luna-medium,test,banking77-test-1998,transaction_charged_twice,transaction_charged_twice,True,1.0,,1.0,1.322716583032161
gpt-6-luna-none,test,banking77-test-876,transfer_not_received_by_recipient,transfer_not_received_by_recipient,True,0.78,,0.65,1.1910160420229658
gpt-6-luna-medium,test,banking77-test-1984,transaction_charged_twice,transaction_charged_twice,True,0.98,,0.99,1.560320416931063
gpt-6-luna-none,test,banking77-test-848,transfer_not_received_by_recipient,transfer_not_received_by_recipient,True,0.97,,0.98,0.9430038749706
gpt-6-luna-medium,test,banking77-test-1963,transaction_charged_twice,transaction_charged_twice,True,0.99,,0.99,1.397567290929146
gpt-6-luna-none,challenge,challenge-clear-0,contactless_not_working,contactless_not_working,True,1.0,,1.0,1.1401917500188574
gpt-6-luna-none,challenge,challenge-clear-1,virtual_card_not_working,virtual_card_not_working,True,0.99,,0.99,1.0403470000019297
gpt-6-luna-medium,test,banking77-test-1965,transaction_charged_twice,transaction_charged_twice,True,0.99,,0.99,1.378032875014469
gpt-6-luna-medium,test,banking77-test-1967,transaction_charged_twice,transaction_charged_twice,True,0.98,,0.99,1.2818360000383109
gpt-6-luna-none,challenge,challenge-clear-2,declined_card_payment,declined_card_payment,True,1.0,,1.0,1.8735638340003788
gpt-6-luna-none,challenge,challenge-clear-3,transaction_charged_twice,transaction_charged_twice,True,0.99,,0.99,1.8225946250604466
gpt-6-luna-none,challenge,challenge-clear-4,request_refund,request_refund,True,0.98,,0.99,1.1074789999984205
gpt-6-luna-none,challenge,challenge-clear-5,Refund_not_showing_up,Refund_not_showing_up,True,0.99,,0.99,0.7923019579611719
gpt-6-luna-medium,test,banking77-test-1990,transaction_charged_twice,transaction_charged_twice,True,0.99,,0.99,4.423190625035204
gpt-6-luna-none,challenge,challenge-clear-6,pending_transfer,pending_transfer,True,0.99,,0.99,0.9617430840153247
gpt-6-luna-none,challenge,challenge-clear-7,failed_transfer,failed_transfer,True,1.0,,1.0,1.5952856669900939
gpt-6-luna-none,challenge,challenge-clear-8,transfer_not_received_by_recipient,transfer_not_received_by_recipient,True,0.99,,0.99,1.3933820420643315
gpt-6-luna-none,challenge,challenge-clear-9,card_payment_not_recognised,card_payment_not_recognised,True,1.0,,1.0,1.4025539169088006
gpt-6-luna-medium,test,banking77-test-1993,transaction_charged_twice,pending_card_payment,False,0.76,,0.88,5.377132416935638
gpt-6-luna-none,challenge,challenge-clear-10,pending_card_payment,pending_card_payment,True,0.99,,0.99,1.033820917014964
gpt-6-luna-medium,test,banking77-test-1983,transaction_charged_twice,transaction_charged_twice,True,0.98,,0.99,1.3397513329982758
gpt-6-luna-none,challenge,challenge-clear-11,card_not_working,card_not_working,True,1.0,,1.0,1.2770288749597967
gpt-6-luna-medium,test,banking77-test-1996,transaction_charged_twice,transaction_charged_twice,True,0.98,,0.99,1.5208802089327946
gpt-6-luna-none,challenge,challenge-missing_information-0,needs_review,needs_review,True,0.98,,0.05,1.324231458012946
gpt-6-luna-none,challenge,challenge-missing_information-1,needs_review,needs_review,True,0.98,,0.05,1.2934690000256523
gpt-6-luna-medium,test,banking77-test-1985,transaction_charged_twice,transaction_charged_twice,True,0.98,,0.99,1.8671109579736367
gpt-6-luna-none,challenge,challenge-missing_information-2,needs_review,needs_review,True,0.99,,0.05,0.9699960000580177
gpt-6-luna-medium,test,banking77-test-1981,transaction_charged_twice,transaction_charged_twice,True,0.98,,0.99,1.6356610829243436
gpt-6-luna-none,challenge,challenge-missing_information-3,needs_review,needs_review,True,0.99,,0.01,1.3888690830208361
gpt-6-luna-none,challenge,challenge-missing_information-4,needs_review,needs_review,True,1.0,,0.0,1.0774639170849696
gpt-6-luna-medium,test,banking77-test-1980,transaction_charged_twice,transaction_charged_twice,True,0.88,,0.9,2.308291833032854
gpt-6-luna-none,challenge,challenge-missing_information-5,needs_review,needs_review,True,1.0,,0.0,1.4196233749389648
gpt-6-luna-medium,test,banking77-test-1964,transaction_charged_twice,transaction_charged_twice,True,0.94,,0.96,1.6260324170580134
gpt-6-luna-none,challenge,challenge-missing_information-6,needs_review,needs_review,True,0.99,,0.05,1.3374347920762375
gpt-6-luna-none,challenge,challenge-missing_information-7,needs_review,needs_review,True,1.0,,0.0,0.8434677920304239
gpt-6-luna-medium,test,banking77-test-1718,request_refund,request_refund,True,0.94,,0.96,1.6754633330274373
gpt-6-luna-medium,test,banking77-test-1716,request_refund,request_refund,True,0.99,,0.99,1.100035542040132
gpt-6-luna-none,challenge,challenge-multiple_intents-0,needs_review,needs_review,True,0.99,,0.0,1.6107045410899445
gpt-6-luna-medium,test,banking77-test-1717,request_refund,request_refund,True,0.98,,0.98,1.4511090830201283
gpt-6-luna-none,challenge,challenge-multiple_intents-1,needs_review,needs_review,True,1.0,,0.0,1.2021027921000496
gpt-6-luna-none,challenge,challenge-multiple_intents-2,needs_review,needs_review,True,0.99,,0.01,1.3595282919704914
gpt-6-luna-medium,test,banking77-test-1707,request_refund,request_refund,True,0.9,,0.85,2.215812582988292
gpt-6-luna-none,challenge,challenge-multiple_intents-3,needs_review,needs_review,True,0.99,,0.99,0.8297150830039755
gpt-6-luna-none,challenge,challenge-multiple_intents-4,needs_review,needs_review,True,0.99,,0.05,1.550823583966121
gpt-6-luna-medium,test,banking77-test-1701,request_refund,needs_review,False,0.96,,0.08,1.6336222080281004
gpt-6-luna-none,challenge,challenge-multiple_intents-5,needs_review,needs_review,True,0.99,,0.01,1.1613123749848455
gpt-6-luna-medium,test,banking77-test-1682,request_refund,request_refund,True,0.9,,0.92,1.546005459036678
gpt-6-luna-none,challenge,challenge-out_of_scope-0,needs_review,needs_review,True,1.0,,0.0,0.9683812089497223
gpt-6-luna-medium,test,banking77-test-1692,request_refund,request_refund,True,0.84,,0.91,1.920731084072031
gpt-6-luna-none,challenge,challenge-out_of_scope-1,needs_review,needs_review,True,1.0,,0.0,1.4632712079910561
gpt-6-luna-none,challenge,challenge-out_of_scope-2,needs_review,needs_review,True,0.99,,0.0,1.3123283749446273
gpt-6-luna-medium,test,banking77-test-1693,request_refund,request_refund,True,0.98,,0.99,1.377702165977098
gpt-6-luna-medium,test,banking77-test-1699,request_refund,request_refund,True,0.99,,0.99,1.10594429099001
gpt-6-luna-none,challenge,challenge-out_of_scope-3,needs_review,needs_review,True,1.0,,0.0,1.5678304169559851
gpt-6-luna-none,challenge,challenge-out_of_scope-4,needs_review,needs_review,True,0.98,,0.15,0.815030416008085
gpt-6-luna-medium,test,banking77-test-1712,request_refund,request_refund,True,0.88,,0.94,1.8959679580293596
gpt-6-luna-none,challenge,challenge-out_of_scope-5,needs_review,needs_review,True,1.0,,0.0,1.2659273339668289
gpt-6-luna-none,challenge,challenge-instruction_in_message-0,virtual_card_not_working,virtual_card_not_working,True,1.0,,1.0,0.798456292017363
gpt-6-luna-none,challenge,challenge-instruction_in_message-1,transaction_charged_twice,transaction_charged_twice,True,1.0,,1.0,0.830239582923241
gpt-6-luna-none,challenge,challenge-instruction_in_message-2,Refund_not_showing_up,Refund_not_showing_up,True,0.99,,0.99,2.195508416974917
gpt-6-luna-medium,test,banking77-test-1711,request_refund,needs_review,False,0.96,,0.18,4.49965133308433
gpt-6-luna-medium,test,banking77-test-1704,request_refund,request_refund,True,0.99,,0.99,1.3860307909781113
gpt-6-luna-none,challenge,challenge-instruction_in_message-3,declined_card_payment,declined_card_payment,True,1.0,,1.0,1.5333715000888333
gpt-6-luna-medium,test,banking77-test-1681,request_refund,request_refund,True,0.82,,0.88,2.8356093330075964
gpt-6-luna-medium,test,banking77-test-1703,request_refund,request_refund,True,0.96,,0.96,1.3261400420451537
gpt-6-luna-medium,test,banking77-test-1708,request_refund,request_refund,True,0.88,,0.82,2.985326041933149
gpt-6-luna-medium,test,banking77-test-1705,request_refund,request_refund,True,0.98,,0.96,1.7007256250362843
gpt-6-luna-medium,test,banking77-test-1696,request_refund,request_refund,True,0.99,,0.99,1.1935475000645965
gpt-6-luna-medium,test,banking77-test-1694,request_refund,request_refund,True,0.92,,0.91,1.61808095802553
gpt-6-luna-medium,test,banking77-test-1713,request_refund,request_refund,True,0.92,,0.96,1.4522262089885771
gpt-6-luna-medium,test,banking77-test-1689,request_refund,needs_review,False,0.96,,0.95,1.829609917011112
gpt-6-luna-medium,test,banking77-test-1781,Refund_not_showing_up,Refund_not_showing_up,True,1.0,,1.0,1.2062427919590846
gpt-6-luna-medium,test,banking77-test-1763,Refund_not_showing_up,Refund_not_showing_up,True,0.99,,0.99,1.4503467920003459
gpt-6-luna-medium,test,banking77-test-1779,Refund_not_showing_up,Refund_not_showing_up,True,0.98,,0.99,1.158310667029582
gpt-6-luna-medium,test,banking77-test-1791,Refund_not_showing_up,Refund_not_showing_up,True,0.95,,0.97,1.688158666016534
gpt-6-luna-medium,test,banking77-test-1765,Refund_not_showing_up,Refund_not_showing_up,True,0.96,,0.98,1.5071617079665884
gpt-6-luna-medium,test,banking77-test-1788,Refund_not_showing_up,Refund_not_showing_up,True,0.98,,0.98,1.371900666039437
gpt-6-luna-medium,test,banking77-test-1771,Refund_not_showing_up,Refund_not_showing_up,True,0.98,,0.99,1.4785125830676407
gpt-6-luna-medium,test,banking77-test-1777,Refund_not_showing_up,Refund_not_showing_up,True,0.98,,0.99,1.3212700000731274
gpt-6-luna-medium,test,banking77-test-1795,Refund_not_showing_up,Refund_not_showing_up,True,0.78,,0.82,3.4501128329429775
gpt-6-luna-medium,test,banking77-test-1775,Refund_not_showing_up,Refund_not_showing_up,True,0.98,,0.99,1.461674291989766
gpt-6-luna-medium,test,banking77-test-1760,Refund_not_showing_up,Refund_not_showing_up,True,0.99,,0.99,1.3009517919272184
gpt-6-luna-medium,test,banking77-test-1773,Refund_not_showing_up,Refund_not_showing_up,True,0.86,,0.92,2.4378578329924494
gpt-6-luna-medium,test,banking77-test-1797,Refund_not_showing_up,Refund_not_showing_up,True,0.96,,0.98,1.7161250419449061
gpt-6-luna-medium,test,banking77-test-1785,Refund_not_showing_up,Refund_not_showing_up,True,0.97,,0.98,1.2785631669685245
gpt-6-luna-medium,test,banking77-test-1761,Refund_not_showing_up,Refund_not_showing_up,True,0.99,,0.99,1.2050142500083894
gpt-6-luna-medium,test,banking77-test-1766,Refund_not_showing_up,Refund_not_showing_up,True,0.91,,0.88,1.3945098749827594
gpt-6-luna-medium,test,banking77-test-1764,Refund_not_showing_up,Refund_not_showing_up,True,0.99,,0.99,1.324105792096816
gpt-6-luna-medium,test,banking77-test-1784,Refund_not_showing_up,Refund_not_showing_up,True,0.96,,0.98,1.5678561249515042
gpt-6-luna-medium,test,banking77-test-1774,Refund_not_showing_up,Refund_not_showing_up,True,0.94,,0.96,1.6740730830933899
gpt-6-luna-medium,test,banking77-test-1799,Refund_not_showing_up,Refund_not_showing_up,True,0.99,,0.99,1.04757283302024
gpt-6-luna-medium,test,banking77-test-1869,pending_transfer,pending_transfer,True,0.99,,0.99,1.0493820420233533
gpt-6-luna-medium,test,banking77-test-1858,pending_transfer,pending_transfer,True,0.82,,0.88,1.8600880419835448
gpt-6-luna-medium,test,banking77-test-1870,pending_transfer,pending_transfer,True,0.98,,0.99,1.7635886670323089
gpt-6-luna-medium,test,banking77-test-1853,pending_transfer,pending_transfer,True,0.98,,0.99,1.968991291942075
gpt-6-luna-medium,test,banking77-test-1876,pending_transfer,needs_review,False,0.96,,0.18,1.6994239171035588
gpt-6-luna-medium,test,banking77-test-1856,pending_transfer,pending_transfer,True,0.96,,0.98,1.4301245419774204
gpt-6-luna-medium,test,banking77-test-1872,pending_transfer,pending_transfer,True,0.94,,0.96,1.5602352919522673
gpt-6-luna-medium,test,banking77-test-1860,pending_transfer,pending_transfer,True,0.96,,0.94,2.623055333038792
gpt-6-luna-medium,test,banking77-test-1844,pending_transfer,pending_transfer,True,0.99,,0.99,1.7283721250714734
gpt-6-luna-medium,test,banking77-test-1873,pending_transfer,pending_transfer,True,0.99,,0.99,5.052286584046669
gpt-6-luna-medium,test,banking77-test-1852,pending_transfer,pending_transfer,True,0.99,,0.99,1.2690208749845624
gpt-6-luna-medium,test,banking77-test-1868,pending_transfer,pending_transfer,True,0.82,,0.82,2.519593833014369
gpt-6-luna-medium,test,banking77-test-1875,pending_transfer,pending_transfer,True,0.95,,0.95,1.2578485000412911
gpt-6-luna-medium,test,banking77-test-1857,pending_transfer,pending_transfer,True,0.98,,0.98,1.5110010839998722
gpt-6-luna-medium,test,banking77-test-1854,pending_transfer,pending_transfer,True,0.96,,0.98,1.3247004579752684
gpt-6-luna-medium,test,banking77-test-1842,pending_transfer,pending_transfer,True,0.88,,0.9,1.8587962499586865
gpt-6-luna-medium,test,banking77-test-1849,pending_transfer,pending_transfer,True,0.99,,0.99,1.1759255420183763
gpt-6-luna-medium,test,banking77-test-1879,pending_transfer,needs_review,False,0.92,,0.15,1.7131824999814853
gpt-6-luna-medium,test,banking77-test-1848,pending_transfer,pending_transfer,True,0.99,,0.99,1.596826000022702
gpt-6-luna-medium,test,banking77-test-1845,pending_transfer,pending_transfer,True,0.98,,0.99,1.2118656660895795
gpt-6-luna-medium,test,banking77-test-2284,failed_transfer,failed_transfer,True,0.99,,0.99,1.528312125010416
gpt-6-luna-medium,test,banking77-test-2303,failed_transfer,failed_transfer,True,0.68,,0.78,2.8727630419889465
gpt-6-luna-medium,test,banking77-test-2297,failed_transfer,failed_transfer,True,0.98,,0.99,2.6301766659598798
gpt-6-luna-medium,test,banking77-test-2283,failed_transfer,needs_review,False,0.96,,0.15,2.5352669580606744
gpt-6-luna-medium,test,banking77-test-2298,failed_transfer,failed_transfer,True,0.98,,0.99,1.2224928749492392
gpt-6-luna-medium,test,banking77-test-2312,failed_transfer,needs_review,False,0.96,,0.15,2.0042381250532344
gpt-6-luna-medium,test,banking77-test-2310,failed_transfer,failed_transfer,True,0.76,,0.82,1.894428625004366
gpt-6-luna-medium,test,banking77-test-2314,failed_transfer,failed_transfer,True,0.79,,0.88,4.286855915910564
gpt-6-luna-medium,test,banking77-test-2288,failed_transfer,failed_transfer,True,0.78,,0.8,2.46025662496686
gpt-6-luna-medium,test,banking77-test-2316,failed_transfer,needs_review,False,0.94,,0.12,2.1392278330167755
gpt-6-luna-medium,test,banking77-test-2290,failed_transfer,needs_review,False,0.96,,0.18,3.755268333014101
gpt-6-luna-medium,test,banking77-test-2289,failed_transfer,failed_transfer,True,0.88,,0.9,1.7546621660003439
gpt-6-luna-medium,test,banking77-test-2294,failed_transfer,failed_transfer,True,0.98,,0.99,2.5948180420091376
gpt-6-luna-medium,test,banking77-test-2305,failed_transfer,needs_review,False,0.94,,0.18,1.908921082969755
gpt-6-luna-medium,test,banking77-test-2295,failed_transfer,needs_review,False,0.9,,0.2,1.8278252909658477
gpt-6-luna-medium,test,banking77-test-2304,failed_transfer,needs_review,False,0.95,,0.1,1.8709534161025658
gpt-6-luna-medium,test,banking77-test-2308,failed_transfer,needs_review,False,0.92,,0.18,1.5140279999468476
gpt-6-luna-medium,test,banking77-test-2280,failed_transfer,failed_transfer,True,0.98,,0.99,1.5635742499725893
gpt-6-luna-medium,test,banking77-test-2306,failed_transfer,needs_review,False,0.98,,0.99,1.6974542090902105
gpt-6-luna-medium,test,banking77-test-2307,failed_transfer,failed_transfer,True,0.99,,0.99,1.1709500410361215
gpt-6-luna-medium,test,banking77-test-857,transfer_not_received_by_recipient,transfer_not_received_by_recipient,True,0.95,,0.95,3.4630437080049887
gpt-6-luna-medium,test,banking77-test-879,transfer_not_received_by_recipient,needs_review,False,0.91,,0.94,5.305219874950126
gpt-6-luna-medium,test,banking77-test-866,transfer_not_received_by_recipient,needs_review,False,0.96,,0.12,1.953611542005092
gpt-6-luna-medium,test,banking77-test-842,transfer_not_received_by_recipient,needs_review,False,0.96,,0.18,1.71085341705475
gpt-6-luna-medium,test,banking77-test-850,transfer_not_received_by_recipient,transfer_not_received_by_recipient,True,0.98,,0.99,1.4066268330207095
gpt-6-luna-medium,test,banking77-test-870,transfer_not_received_by_recipient,transfer_not_received_by_recipient,True,0.88,,0.92,2.1056761249201372
gpt-6-luna-medium,test,banking77-test-877,transfer_not_received_by_recipient,transfer_not_received_by_recipient,True,0.98,,0.98,1.3908205000916496
gpt-6-luna-medium,test,banking77-test-871,transfer_not_received_by_recipient,transfer_not_received_by_recipient,True,0.96,,0.98,1.590701499953866
gpt-6-luna-medium,test,banking77-test-868,transfer_not_received_by_recipient,needs_review,False,0.95,,0.2,2.209031541016884
gpt-6-luna-medium,test,banking77-test-862,transfer_not_received_by_recipient,transfer_not_received_by_recipient,True,0.97,,0.98,1.673637458938174
gpt-6-luna-medium,test,banking77-test-874,transfer_not_received_by_recipient,transfer_not_received_by_recipient,True,0.96,,0.98,1.9781156250974163
gpt-6-luna-medium,test,banking77-test-861,transfer_not_received_by_recipient,pending_transfer,False,0.8,,0.85,3.002525749965571
gpt-6-luna-medium,test,banking77-test-859,transfer_not_received_by_recipient,transfer_not_received_by_recipient,True,0.99,,0.99,1.33430954196956
gpt-6-luna-medium,test,banking77-test-851,transfer_not_received_by_recipient,needs_review,False,0.82,,0.32,2.440932666999288
gpt-6-luna-medium,test,banking77-test-847,transfer_not_received_by_recipient,transfer_not_received_by_recipient,True,0.98,,0.98,1.268621874973178
gpt-6-luna-medium,test,banking77-test-875,transfer_not_received_by_recipient,transfer_not_received_by_recipient,True,0.94,,0.96,1.9821214580442756
gpt-6-luna-medium,test,banking77-test-872,transfer_not_received_by_recipient,transfer_not_received_by_recipient,True,0.99,,0.99,1.0469486250076443
gpt-6-luna-medium,test,banking77-test-849,transfer_not_received_by_recipient,needs_review,False,0.97,,0.98,1.6608600409235805
gpt-6-luna-medium,test,banking77-test-876,transfer_not_received_by_recipient,transfer_not_received_by_recipient,True,0.78,,0.78,3.079177957959473
gpt-6-luna-medium,test,banking77-test-848,transfer_not_received_by_recipient,transfer_not_received_by_recipient,True,0.92,,0.95,1.7528188339201733
gpt-6-luna-medium,challenge,challenge-clear-0,contactless_not_working,contactless_not_working,True,0.99,,0.99,2.483710625092499
gpt-6-luna-medium,challenge,challenge-clear-1,virtual_card_not_working,virtual_card_not_working,True,1.0,,1.0,1.5893385419622064
gpt-6-luna-medium,challenge,challenge-clear-2,declined_card_payment,declined_card_payment,True,0.99,,0.99,1.3553032079944387
gpt-6-luna-medium,challenge,challenge-clear-3,transaction_charged_twice,transaction_charged_twice,True,0.99,,0.99,1.9664534999756142
gpt-6-luna-medium,challenge,challenge-clear-4,request_refund,request_refund,True,0.98,,0.99,1.1952084170188755
gpt-6-luna-medium,challenge,challenge-clear-5,Refund_not_showing_up,Refund_not_showing_up,True,0.99,,0.99,1.594094582949765
gpt-6-luna-medium,challenge,challenge-clear-6,pending_transfer,pending_transfer,True,0.99,,0.99,1.8870490828994662
gpt-6-luna-medium,challenge,challenge-clear-7,failed_transfer,failed_transfer,True,1.0,,1.0,1.2720230420818552
gpt-6-luna-medium,challenge,challenge-clear-8,transfer_not_received_by_recipient,transfer_not_received_by_recipient,True,0.99,,0.99,1.3262887499295175
gpt-6-luna-medium,challenge,challenge-clear-9,card_payment_not_recognised,card_payment_not_recognised,True,0.99,,0.99,1.9223931659944355
gpt-6-luna-medium,challenge,challenge-clear-10,pending_card_payment,pending_card_payment,True,0.99,,0.99,3.303350165951997
gpt-6-luna-medium,challenge,challenge-clear-11,card_not_working,card_not_working,True,1.0,,1.0,0.8828385829692706
gpt-6-luna-medium,challenge,challenge-missing_information-0,needs_review,needs_review,True,0.98,,0.05,2.141434625023976
gpt-6-luna-medium,challenge,challenge-missing_information-1,needs_review,needs_review,True,0.98,,0.05,1.2251162499887869
gpt-6-luna-medium,challenge,challenge-missing_information-2,needs_review,needs_review,True,0.98,,0.03,1.6427659170003608
gpt-6-luna-medium,challenge,challenge-missing_information-3,needs_review,needs_review,True,0.99,,0.01,1.6628693329403177
gpt-6-luna-medium,challenge,challenge-missing_information-4,needs_review,needs_review,True,0.99,,0.02,2.063697624951601
gpt-6-luna-medium,challenge,challenge-missing_information-5,needs_review,needs_review,True,0.99,,0.01,1.4390949169173837
gpt-6-luna-medium,challenge,challenge-missing_information-6,needs_review,needs_review,True,0.99,,0.01,1.173065625014715
gpt-6-luna-medium,challenge,challenge-missing_information-7,needs_review,needs_review,True,0.99,,0.02,1.1338075830135494
gpt-6-luna-medium,challenge,challenge-multiple_intents-0,needs_review,needs_review,True,0.99,,0.01,2.352386415936053
gpt-6-luna-medium,challenge,challenge-multiple_intents-1,needs_review,needs_review,True,1.0,,0.0,2.0596463750116527
gpt-6-luna-medium,challenge,challenge-multiple_intents-2,needs_review,needs_review,True,0.99,,0.0,1.3062143749557436
gpt-6-luna-medium,challenge,challenge-multiple_intents-3,needs_review,needs_review,True,0.99,,0.01,1.2829737910069525
gpt-6-luna-medium,challenge,challenge-multiple_intents-4,needs_review,needs_review,True,0.99,,0.99,1.2101590830134228
gpt-6-luna-medium,challenge,challenge-multiple_intents-5,needs_review,needs_review,True,0.99,,0.02,1.8215878329938278
gpt-6-luna-medium,challenge,challenge-out_of_scope-0,needs_review,needs_review,True,1.0,,0.0,1.4477324170293286
gpt-6-luna-medium,challenge,challenge-out_of_scope-1,needs_review,needs_review,True,1.0,,0.0,1.2807769579812884
gpt-6-luna-medium,challenge,challenge-out_of_scope-2,needs_review,needs_review,True,1.0,,1.0,2.228107124916278
gpt-6-luna-medium,challenge,challenge-out_of_scope-3,needs_review,needs_review,True,0.99,,0.0,1.6418967089848593
gpt-6-luna-medium,challenge,challenge-out_of_scope-4,needs_review,needs_review,True,0.99,,0.0,1.7968962090089917
gpt-6-luna-medium,challenge,challenge-out_of_scope-5,needs_review,needs_review,True,0.99,,0.0,2.0293947500176728
gpt-6-luna-medium,challenge,challenge-instruction_in_message-0,virtual_card_not_working,virtual_card_not_working,True,1.0,,1.0,1.2217999580316246
gpt-6-luna-medium,challenge,challenge-instruction_in_message-1,transaction_charged_twice,transaction_charged_twice,True,1.0,,1.0,1.5967150409705937
gpt-6-luna-medium,challenge,challenge-instruction_in_message-2,Refund_not_showing_up,Refund_not_showing_up,True,0.99,,1.0,1.5027037920663133
gpt-6-luna-medium,challenge,challenge-instruction_in_message-3,declined_card_payment,declined_card_payment,True,1.0,,1.0,1.7177615000400692
